sample,command,status,returncode,start,end,cross_section_pb,cross_section_unc_pb,events,log
Tt1200-80ISR_isronlyll_nev10000,JHEP_Revised/config/madgraph_runs/Tt1200-80ISR_isronlyll_nev10000.mg5,ok,0,2026-05-28T15:09:00,2026-05-28T15:10:57,0.0002791,7.556e-07,10000,JHEP_Revised/logs/mg5_queue/Tt1200-80ISR_isronlyll_nev10000.log
Tt1200ISR_isronlyll_nev10000,JHEP_Revised/config/madgraph_runs/Tt1200ISR_isronlyll_nev10000.mg5,ok,0,2026-05-28T15:10:57,2026-05-28T15:12:55,0.0002533,4.708e-07,10000,JHEP_Revised/logs/mg5_queue/Tt1200ISR_isronlyll_nev10000.log
Tt1200_80ISR_isronlyll_nev10000,JHEP_Revised/config/madgraph_runs/Tt1200_80ISR_isronlyll_nev10000.mg5,ok,0,2026-05-28T15:12:55,2026-05-28T15:14:53,0.0002264,6.31e-07,10000,JHEP_Revised/logs/mg5_queue/Tt1200_80ISR_isronlyll_nev10000.log
Tt1600-80ISR_isronlyll_nev10000,JHEP_Revised/config/madgraph_runs/Tt1600-80ISR_isronlyll_nev10000.mg5,ok,0,2026-05-28T15:14:53,2026-05-28T15:16:55,0.0001913,4.693e-07,10000,JHEP_Revised/logs/mg5_queue/Tt1600-80ISR_isronlyll_nev10000.log
Tt1600ISR_isronlyll_nev10000,JHEP_Revised/config/madgraph_runs/Tt1600ISR_isronlyll_nev10000.mg5,ok,0,2026-05-28T15:16:55,2026-05-28T15:18:57,0.0001735,2.737e-07,10000,JHEP_Revised/logs/mg5_queue/Tt1600ISR_isronlyll_nev10000.log
Tt1600_80ISR_isronlyll_nev10000,JHEP_Revised/config/madgraph_runs/Tt1600_80ISR_isronlyll_nev10000.mg5,ok,0,2026-05-28T15:18:57,2026-05-28T15:20:56,0.0001551,3.15e-07,10000,JHEP_Revised/logs/mg5_queue/Tt1600_80ISR_isronlyll_nev10000.log
Tt2000-80ISR_isronlyll_nev10000,JHEP_Revised/config/madgraph_runs/Tt2000-80ISR_isronlyll_nev10000.mg5,ok,0,2026-05-28T15:20:56,2026-05-28T15:23:25,0.0001089,2.381e-07,10000,JHEP_Revised/logs/mg5_queue/Tt2000-80ISR_isronlyll_nev10000.log
Tt2000ISR_isronlyll_nev10000,JHEP_Revised/config/madgraph_runs/Tt2000ISR_isronlyll_nev10000.mg5,ok,0,2026-05-28T15:23:25,2026-05-28T15:25:28,9.875e-05,1.252e-07,10000,JHEP_Revised/logs/mg5_queue/Tt2000ISR_isronlyll_nev10000.log
Tt2000_80ISR_isronlyll_nev10000,JHEP_Revised/config/madgraph_runs/Tt2000_80ISR_isronlyll_nev10000.mg5,ok,0,2026-05-28T15:25:28,2026-05-28T15:27:22,8.849e-05,1.562e-07,10000,JHEP_Revised/logs/mg5_queue/Tt2000_80ISR_isronlyll_nev10000.log
Tt2400-80ISR_isronlyll_nev10000,JHEP_Revised/config/madgraph_runs/Tt2400-80ISR_isronlyll_nev10000.mg5,ok,0,2026-05-28T15:27:22,2026-05-28T15:29:48,4.131e-05,8.154e-08,10000,JHEP_Revised/logs/mg5_queue/Tt2400-80ISR_isronlyll_nev10000.log
Tt2400ISR_isronlyll_nev10000,JHEP_Revised/config/madgraph_runs/Tt2400ISR_isronlyll_nev10000.mg5,ok,0,2026-05-28T15:29:48,2026-05-28T15:31:41,3.744e-05,4.083e-08,10000,JHEP_Revised/logs/mg5_queue/Tt2400ISR_isronlyll_nev10000.log
Tt2400_80ISR_isronlyll_nev10000,JHEP_Revised/config/madgraph_runs/Tt2400_80ISR_isronlyll_nev10000.mg5,ok,0,2026-05-28T15:31:41,2026-05-28T15:33:33,3.357e-05,5.653e-08,10000,JHEP_Revised/logs/mg5_queue/Tt2400_80ISR_isronlyll_nev10000.log
ttbar-80ISR_isronlyll_nev10000,JHEP_Revised/config/madgraph_runs/ttbar-80ISR_isronlyll_nev10000.mg5,ok,0,2026-05-28T15:33:33,2026-05-28T15:34:56,0.03733,6.812e-05,10000,JHEP_Revised/logs/mg5_queue/ttbar-80ISR_isronlyll_nev10000.log
ttbarISR_isronlyll_nev10000,JHEP_Revised/config/madgraph_runs/ttbarISR_isronlyll_nev10000.mg5,ok,0,2026-05-28T15:34:56,2026-05-28T15:36:26,0.02871,5.27e-05,10000,JHEP_Revised/logs/mg5_queue/ttbarISR_isronlyll_nev10000.log
ttbar_80ISR_isronlyll_nev10000,JHEP_Revised/config/madgraph_runs/ttbar_80ISR_isronlyll_nev10000.mg5,ok,0,2026-05-28T15:36:26,2026-05-28T15:37:46,0.02008,4.076e-05,10000,JHEP_Revised/logs/mg5_queue/ttbar_80ISR_isronlyll_nev10000.log
tth-80ISR_isronlyll_nev10000,JHEP_Revised/config/madgraph_runs/tth-80ISR_isronlyll_nev10000.mg5,ok,0,2026-05-28T15:37:46,2026-05-28T15:39:29,0.000661,1.865e-06,10000,JHEP_Revised/logs/mg5_queue/tth-80ISR_isronlyll_nev10000.log
tthISR_isronlyll_nev10000,JHEP_Revised/config/madgraph_runs/tthISR_isronlyll_nev10000.mg5,ok,0,2026-05-28T15:39:29,2026-05-28T15:41:05,0.0005112,1.408e-06,10000,JHEP_Revised/logs/mg5_queue/tthISR_isronlyll_nev10000.log
tth_80ISR_isronlyll_nev10000,JHEP_Revised/config/madgraph_runs/tth_80ISR_isronlyll_nev10000.mg5,ok,0,2026-05-28T15:41:05,2026-05-28T15:42:37,0.0003609,1.109e-06,10000,JHEP_Revised/logs/mg5_queue/tth_80ISR_isronlyll_nev10000.log
ttz-80ISR_isronlyll_nev10000,JHEP_Revised/config/madgraph_runs/ttz-80ISR_isronlyll_nev10000.mg5,ok,0,2026-05-28T15:42:37,2026-05-28T15:49:07,0.002757,7.993e-06,10000,JHEP_Revised/logs/mg5_queue/ttz-80ISR_isronlyll_nev10000.log
ttzISR_isronlyll_nev10000,JHEP_Revised/config/madgraph_runs/ttzISR_isronlyll_nev10000.mg5,ok,0,2026-05-28T15:49:07,2026-05-28T15:55:19,0.001885,5.57e-06,10000,JHEP_Revised/logs/mg5_queue/ttzISR_isronlyll_nev10000.log
ttz_80ISR_isronlyll_nev10000,JHEP_Revised/config/madgraph_runs/ttz_80ISR_isronlyll_nev10000.mg5,ok,0,2026-05-28T15:55:19,2026-05-28T16:01:29,0.001006,3.751e-06,10000,JHEP_Revised/logs/mg5_queue/ttz_80ISR_isronlyll_nev10000.log
w_w-z-80ISR_isronlyll_nev10000,JHEP_Revised/config/madgraph_runs/w_w-z-80ISR_isronlyll_nev10000.mg5,ok,0,2026-05-28T16:01:29,2026-05-28T16:05:21,0.06386,0.0002078,10000,JHEP_Revised/logs/mg5_queue/w_w-z-80ISR_isronlyll_nev10000.log
w_w-zISR_isronlyll_nev10000,JHEP_Revised/config/madgraph_runs/w_w-zISR_isronlyll_nev10000.mg5,ok,0,2026-05-28T16:05:21,2026-05-28T16:09:10,0.03549,0.0001171,10000,JHEP_Revised/logs/mg5_queue/w_w-zISR_isronlyll_nev10000.log
w_w-z_80ISR_isronlyll_nev10000,JHEP_Revised/config/madgraph_runs/w_w-z_80ISR_isronlyll_nev10000.mg5,ok,0,2026-05-28T16:09:10,2026-05-28T16:12:56,0.007273,2.247e-05,10000,JHEP_Revised/logs/mg5_queue/w_w-z_80ISR_isronlyll_nev10000.log
