sample,mode,step,cut,events,weighted_yield,total_cross_section_pb,source
Tt1200-80ISR_isronlyll_nev10000,clean,0,All,10000,1395.5,2.791,ttp_AnalysisISR/output/out_Tt1200-80ISR_isronlyll_nev10000.dat
Tt1200-80ISR_isronlyll_nev10000,clean,1,Fatjet,9991,1394.24,2.791,ttp_AnalysisISR/output/out_Tt1200-80ISR_isronlyll_nev10000.dat
Tt1200-80ISR_isronlyll_nev10000,clean,2,top tagged,3103,433.024,2.791,ttp_AnalysisISR/output/out_Tt1200-80ISR_isronlyll_nev10000.dat
Tt1200-80ISR_isronlyll_nev10000,clean,3,subestructure cut,2604,363.388,2.791,ttp_AnalysisISR/output/out_Tt1200-80ISR_isronlyll_nev10000.dat
Tt1200-80ISR_isronlyll_nev10000,clean,4,Isolated,1628,227.187,2.791,ttp_AnalysisISR/output/out_Tt1200-80ISR_isronlyll_nev10000.dat
Tt1200-80ISR_isronlyll_nev10000,clean,5,M recoil > 1100,1572,219.373,2.791,ttp_AnalysisISR/output/out_Tt1200-80ISR_isronlyll_nev10000.dat
Tt1200-80ISR_isronlyll_nev10000,clean,6,Miss Energy < 1000,1453,202.766,2.791,ttp_AnalysisISR/output/out_Tt1200-80ISR_isronlyll_nev10000.dat
Tt1200-80ISR_isronlyll_nev10000,clean,7,BDT ttbar,1382,192.858,2.791,ttp_AnalysisISR/output/out_Tt1200-80ISR_isronlyll_nev10000.dat
Tt1200-80ISR_isronlyll_nev10000,clean,8,BDT 1200,1372,191.463,2.791,ttp_AnalysisISR/output/out_Tt1200-80ISR_isronlyll_nev10000.dat
Tt1200-80ISR_isronlyll_nev10000,clean,9,BDT 1600,1161,162.018,2.791,ttp_AnalysisISR/output/out_Tt1200-80ISR_isronlyll_nev10000.dat
Tt1200-80ISR_isronlyll_nev10000,clean,10,BDT 2000,1070,149.318,2.791,ttp_AnalysisISR/output/out_Tt1200-80ISR_isronlyll_nev10000.dat
Tt1200-80ISR_isronlyll_nev10000,clean,11,BDT 2400,845,117.92,2.791,ttp_AnalysisISR/output/out_Tt1200-80ISR_isronlyll_nev10000.dat
Tt1200-80ISR_isronlyll_nev10000_ggbx1,overlay_bx1,0,All,10000,1395.5,2.791,ttp_AnalysisISR/output/out_Tt1200-80ISR_isronlyll_nev10000_ggbx1.dat
Tt1200-80ISR_isronlyll_nev10000_ggbx1,overlay_bx1,1,Fatjet,9992,1394.38,2.791,ttp_AnalysisISR/output/out_Tt1200-80ISR_isronlyll_nev10000_ggbx1.dat
Tt1200-80ISR_isronlyll_nev10000_ggbx1,overlay_bx1,2,top tagged,3099,432.465,2.791,ttp_AnalysisISR/output/out_Tt1200-80ISR_isronlyll_nev10000_ggbx1.dat
Tt1200-80ISR_isronlyll_nev10000_ggbx1,overlay_bx1,3,subestructure cut,2597,362.411,2.791,ttp_AnalysisISR/output/out_Tt1200-80ISR_isronlyll_nev10000_ggbx1.dat
Tt1200-80ISR_isronlyll_nev10000_ggbx1,overlay_bx1,4,Isolated,1622,226.35,2.791,ttp_AnalysisISR/output/out_Tt1200-80ISR_isronlyll_nev10000_ggbx1.dat
Tt1200-80ISR_isronlyll_nev10000_ggbx1,overlay_bx1,5,M recoil > 1100,1566,218.535,2.791,ttp_AnalysisISR/output/out_Tt1200-80ISR_isronlyll_nev10000_ggbx1.dat
Tt1200-80ISR_isronlyll_nev10000_ggbx1,overlay_bx1,6,Miss Energy < 1000,1448,202.068,2.791,ttp_AnalysisISR/output/out_Tt1200-80ISR_isronlyll_nev10000_ggbx1.dat
Tt1200-80ISR_isronlyll_nev10000_ggbx1,overlay_bx1,7,BDT ttbar,1374,191.742,2.791,ttp_AnalysisISR/output/out_Tt1200-80ISR_isronlyll_nev10000_ggbx1.dat
Tt1200-80ISR_isronlyll_nev10000_ggbx1,overlay_bx1,8,BDT 1200,1366,190.625,2.791,ttp_AnalysisISR/output/out_Tt1200-80ISR_isronlyll_nev10000_ggbx1.dat
Tt1200-80ISR_isronlyll_nev10000_ggbx1,overlay_bx1,9,BDT 1600,1157,161.459,2.791,ttp_AnalysisISR/output/out_Tt1200-80ISR_isronlyll_nev10000_ggbx1.dat
Tt1200-80ISR_isronlyll_nev10000_ggbx1,overlay_bx1,10,BDT 2000,1067,148.9,2.791,ttp_AnalysisISR/output/out_Tt1200-80ISR_isronlyll_nev10000_ggbx1.dat
Tt1200-80ISR_isronlyll_nev10000_ggbx1,overlay_bx1,11,BDT 2400,842,117.501,2.791,ttp_AnalysisISR/output/out_Tt1200-80ISR_isronlyll_nev10000_ggbx1.dat
Tt1200ISR_isronlyll_nev10000,clean,0,All,10000,1266.35,2.5327,ttp_AnalysisISR/output/out_Tt1200ISR_isronlyll_nev10000.dat
Tt1200ISR_isronlyll_nev10000,clean,1,Fatjet,9988,1264.83,2.5327,ttp_AnalysisISR/output/out_Tt1200ISR_isronlyll_nev10000.dat
Tt1200ISR_isronlyll_nev10000,clean,2,top tagged,3124,395.608,2.5327,ttp_AnalysisISR/output/out_Tt1200ISR_isronlyll_nev10000.dat
Tt1200ISR_isronlyll_nev10000,clean,3,subestructure cut,2675,338.749,2.5327,ttp_AnalysisISR/output/out_Tt1200ISR_isronlyll_nev10000.dat
Tt1200ISR_isronlyll_nev10000,clean,4,Isolated,1711,216.672,2.5327,ttp_AnalysisISR/output/out_Tt1200ISR_isronlyll_nev10000.dat
Tt1200ISR_isronlyll_nev10000,clean,5,M recoil > 1100,1660,210.214,2.5327,ttp_AnalysisISR/output/out_Tt1200ISR_isronlyll_nev10000.dat
Tt1200ISR_isronlyll_nev10000,clean,6,Miss Energy < 1000,1527,193.372,2.5327,ttp_AnalysisISR/output/out_Tt1200ISR_isronlyll_nev10000.dat
Tt1200ISR_isronlyll_nev10000,clean,7,BDT ttbar,1474,186.66,2.5327,ttp_AnalysisISR/output/out_Tt1200ISR_isronlyll_nev10000.dat
Tt1200ISR_isronlyll_nev10000,clean,8,BDT 1200,1463,185.267,2.5327,ttp_AnalysisISR/output/out_Tt1200ISR_isronlyll_nev10000.dat
Tt1200ISR_isronlyll_nev10000,clean,9,BDT 1600,1218,154.241,2.5327,ttp_AnalysisISR/output/out_Tt1200ISR_isronlyll_nev10000.dat
Tt1200ISR_isronlyll_nev10000,clean,10,BDT 2000,1117,141.451,2.5327,ttp_AnalysisISR/output/out_Tt1200ISR_isronlyll_nev10000.dat
Tt1200ISR_isronlyll_nev10000,clean,11,BDT 2400,871,110.299,2.5327,ttp_AnalysisISR/output/out_Tt1200ISR_isronlyll_nev10000.dat
Tt1200ISR_isronlyll_nev10000_ggbx1,overlay_bx1,0,All,10000,1266.35,2.5327,ttp_AnalysisISR/output/out_Tt1200ISR_isronlyll_nev10000_ggbx1.dat
Tt1200ISR_isronlyll_nev10000_ggbx1,overlay_bx1,1,Fatjet,9988,1264.83,2.5327,ttp_AnalysisISR/output/out_Tt1200ISR_isronlyll_nev10000_ggbx1.dat
Tt1200ISR_isronlyll_nev10000_ggbx1,overlay_bx1,2,top tagged,3127,395.988,2.5327,ttp_AnalysisISR/output/out_Tt1200ISR_isronlyll_nev10000_ggbx1.dat
Tt1200ISR_isronlyll_nev10000_ggbx1,overlay_bx1,3,subestructure cut,2675,338.749,2.5327,ttp_AnalysisISR/output/out_Tt1200ISR_isronlyll_nev10000_ggbx1.dat
Tt1200ISR_isronlyll_nev10000_ggbx1,overlay_bx1,4,Isolated,1700,215.279,2.5327,ttp_AnalysisISR/output/out_Tt1200ISR_isronlyll_nev10000_ggbx1.dat
Tt1200ISR_isronlyll_nev10000_ggbx1,overlay_bx1,5,M recoil > 1100,1645,208.315,2.5327,ttp_AnalysisISR/output/out_Tt1200ISR_isronlyll_nev10000_ggbx1.dat
Tt1200ISR_isronlyll_nev10000_ggbx1,overlay_bx1,6,Miss Energy < 1000,1522,192.738,2.5327,ttp_AnalysisISR/output/out_Tt1200ISR_isronlyll_nev10000_ggbx1.dat
Tt1200ISR_isronlyll_nev10000_ggbx1,overlay_bx1,7,BDT ttbar,1470,186.153,2.5327,ttp_AnalysisISR/output/out_Tt1200ISR_isronlyll_nev10000_ggbx1.dat
Tt1200ISR_isronlyll_nev10000_ggbx1,overlay_bx1,8,BDT 1200,1458,184.634,2.5327,ttp_AnalysisISR/output/out_Tt1200ISR_isronlyll_nev10000_ggbx1.dat
Tt1200ISR_isronlyll_nev10000_ggbx1,overlay_bx1,9,BDT 1600,1218,154.241,2.5327,ttp_AnalysisISR/output/out_Tt1200ISR_isronlyll_nev10000_ggbx1.dat
Tt1200ISR_isronlyll_nev10000_ggbx1,overlay_bx1,10,BDT 2000,1109,140.438,2.5327,ttp_AnalysisISR/output/out_Tt1200ISR_isronlyll_nev10000_ggbx1.dat
Tt1200ISR_isronlyll_nev10000_ggbx1,overlay_bx1,11,BDT 2400,864,109.413,2.5327,ttp_AnalysisISR/output/out_Tt1200ISR_isronlyll_nev10000_ggbx1.dat
Tt1200_80ISR_isronlyll_nev10000,clean,0,All,10000,1131.85,2.2637,ttp_AnalysisISR/output/out_Tt1200_80ISR_isronlyll_nev10000.dat
Tt1200_80ISR_isronlyll_nev10000,clean,1,Fatjet,9991,1130.83,2.2637,ttp_AnalysisISR/output/out_Tt1200_80ISR_isronlyll_nev10000.dat
Tt1200_80ISR_isronlyll_nev10000,clean,2,top tagged,3175,359.362,2.2637,ttp_AnalysisISR/output/out_Tt1200_80ISR_isronlyll_nev10000.dat
Tt1200_80ISR_isronlyll_nev10000,clean,3,subestructure cut,2697,305.26,2.2637,ttp_AnalysisISR/output/out_Tt1200_80ISR_isronlyll_nev10000.dat
Tt1200_80ISR_isronlyll_nev10000,clean,4,Isolated,1696,191.962,2.2637,ttp_AnalysisISR/output/out_Tt1200_80ISR_isronlyll_nev10000.dat
Tt1200_80ISR_isronlyll_nev10000,clean,5,M recoil > 1100,1645,186.189,2.2637,ttp_AnalysisISR/output/out_Tt1200_80ISR_isronlyll_nev10000.dat
Tt1200_80ISR_isronlyll_nev10000,clean,6,Miss Energy < 1000,1489,168.532,2.2637,ttp_AnalysisISR/output/out_Tt1200_80ISR_isronlyll_nev10000.dat
Tt1200_80ISR_isronlyll_nev10000,clean,7,BDT ttbar,1421,160.836,2.2637,ttp_AnalysisISR/output/out_Tt1200_80ISR_isronlyll_nev10000.dat
Tt1200_80ISR_isronlyll_nev10000,clean,8,BDT 1200,1409,159.478,2.2637,ttp_AnalysisISR/output/out_Tt1200_80ISR_isronlyll_nev10000.dat
Tt1200_80ISR_isronlyll_nev10000,clean,9,BDT 1600,1165,131.861,2.2637,ttp_AnalysisISR/output/out_Tt1200_80ISR_isronlyll_nev10000.dat
Tt1200_80ISR_isronlyll_nev10000,clean,10,BDT 2000,1084,122.693,2.2637,ttp_AnalysisISR/output/out_Tt1200_80ISR_isronlyll_nev10000.dat
Tt1200_80ISR_isronlyll_nev10000,clean,11,BDT 2400,850,96.2072,2.2637,ttp_AnalysisISR/output/out_Tt1200_80ISR_isronlyll_nev10000.dat
Tt1200_80ISR_isronlyll_nev10000_ggbx1,overlay_bx1,0,All,10000,1131.85,2.2637,ttp_AnalysisISR/output/out_Tt1200_80ISR_isronlyll_nev10000_ggbx1.dat
Tt1200_80ISR_isronlyll_nev10000_ggbx1,overlay_bx1,1,Fatjet,9992,1130.94,2.2637,ttp_AnalysisISR/output/out_Tt1200_80ISR_isronlyll_nev10000_ggbx1.dat
Tt1200_80ISR_isronlyll_nev10000_ggbx1,overlay_bx1,2,top tagged,3163,358.004,2.2637,ttp_AnalysisISR/output/out_Tt1200_80ISR_isronlyll_nev10000_ggbx1.dat
Tt1200_80ISR_isronlyll_nev10000_ggbx1,overlay_bx1,3,subestructure cut,2687,304.128,2.2637,ttp_AnalysisISR/output/out_Tt1200_80ISR_isronlyll_nev10000_ggbx1.dat
Tt1200_80ISR_isronlyll_nev10000_ggbx1,overlay_bx1,4,Isolated,1681,190.264,2.2637,ttp_AnalysisISR/output/out_Tt1200_80ISR_isronlyll_nev10000_ggbx1.dat
Tt1200_80ISR_isronlyll_nev10000_ggbx1,overlay_bx1,5,M recoil > 1100,1633,184.831,2.2637,ttp_AnalysisISR/output/out_Tt1200_80ISR_isronlyll_nev10000_ggbx1.dat
Tt1200_80ISR_isronlyll_nev10000_ggbx1,overlay_bx1,6,Miss Energy < 1000,1481,167.627,2.2637,ttp_AnalysisISR/output/out_Tt1200_80ISR_isronlyll_nev10000_ggbx1.dat
Tt1200_80ISR_isronlyll_nev10000_ggbx1,overlay_bx1,7,BDT ttbar,1415,160.157,2.2637,ttp_AnalysisISR/output/out_Tt1200_80ISR_isronlyll_nev10000_ggbx1.dat
Tt1200_80ISR_isronlyll_nev10000_ggbx1,overlay_bx1,8,BDT 1200,1402,158.685,2.2637,ttp_AnalysisISR/output/out_Tt1200_80ISR_isronlyll_nev10000_ggbx1.dat
Tt1200_80ISR_isronlyll_nev10000_ggbx1,overlay_bx1,9,BDT 1600,1157,130.955,2.2637,ttp_AnalysisISR/output/out_Tt1200_80ISR_isronlyll_nev10000_ggbx1.dat
Tt1200_80ISR_isronlyll_nev10000_ggbx1,overlay_bx1,10,BDT 2000,1073,121.447,2.2637,ttp_AnalysisISR/output/out_Tt1200_80ISR_isronlyll_nev10000_ggbx1.dat
Tt1200_80ISR_isronlyll_nev10000_ggbx1,overlay_bx1,11,BDT 2400,851,96.3204,2.2637,ttp_AnalysisISR/output/out_Tt1200_80ISR_isronlyll_nev10000_ggbx1.dat
Tt1600-80ISR_isronlyll_nev10000,clean,0,All,10000,956.3,1.9126,ttp_AnalysisISR/output/out_Tt1600-80ISR_isronlyll_nev10000.dat
Tt1600-80ISR_isronlyll_nev10000,clean,1,Fatjet,9997,956.013,1.9126,ttp_AnalysisISR/output/out_Tt1600-80ISR_isronlyll_nev10000.dat
Tt1600-80ISR_isronlyll_nev10000,clean,2,top tagged,3054,292.054,1.9126,ttp_AnalysisISR/output/out_Tt1600-80ISR_isronlyll_nev10000.dat
Tt1600-80ISR_isronlyll_nev10000,clean,3,subestructure cut,2597,248.351,1.9126,ttp_AnalysisISR/output/out_Tt1600-80ISR_isronlyll_nev10000.dat
Tt1600-80ISR_isronlyll_nev10000,clean,4,Isolated,1848,176.724,1.9126,ttp_AnalysisISR/output/out_Tt1600-80ISR_isronlyll_nev10000.dat
Tt1600-80ISR_isronlyll_nev10000,clean,5,M recoil > 1100,1756,167.926,1.9126,ttp_AnalysisISR/output/out_Tt1600-80ISR_isronlyll_nev10000.dat
Tt1600-80ISR_isronlyll_nev10000,clean,6,Miss Energy < 1000,1633,156.164,1.9126,ttp_AnalysisISR/output/out_Tt1600-80ISR_isronlyll_nev10000.dat
Tt1600-80ISR_isronlyll_nev10000,clean,7,BDT ttbar,1556,148.8,1.9126,ttp_AnalysisISR/output/out_Tt1600-80ISR_isronlyll_nev10000.dat
Tt1600-80ISR_isronlyll_nev10000,clean,8,BDT 1200,1533,146.601,1.9126,ttp_AnalysisISR/output/out_Tt1600-80ISR_isronlyll_nev10000.dat
Tt1600-80ISR_isronlyll_nev10000,clean,9,BDT 1600,1464,140.002,1.9126,ttp_AnalysisISR/output/out_Tt1600-80ISR_isronlyll_nev10000.dat
Tt1600-80ISR_isronlyll_nev10000,clean,10,BDT 2000,1308,125.084,1.9126,ttp_AnalysisISR/output/out_Tt1600-80ISR_isronlyll_nev10000.dat
Tt1600-80ISR_isronlyll_nev10000,clean,11,BDT 2400,1055,100.89,1.9126,ttp_AnalysisISR/output/out_Tt1600-80ISR_isronlyll_nev10000.dat
Tt1600-80ISR_isronlyll_nev10000_ggbx1,overlay_bx1,0,All,10000,956.3,1.9126,ttp_AnalysisISR/output/out_Tt1600-80ISR_isronlyll_nev10000_ggbx1.dat
Tt1600-80ISR_isronlyll_nev10000_ggbx1,overlay_bx1,1,Fatjet,9997,956.013,1.9126,ttp_AnalysisISR/output/out_Tt1600-80ISR_isronlyll_nev10000_ggbx1.dat
Tt1600-80ISR_isronlyll_nev10000_ggbx1,overlay_bx1,2,top tagged,3049,291.576,1.9126,ttp_AnalysisISR/output/out_Tt1600-80ISR_isronlyll_nev10000_ggbx1.dat
Tt1600-80ISR_isronlyll_nev10000_ggbx1,overlay_bx1,3,subestructure cut,2587,247.395,1.9126,ttp_AnalysisISR/output/out_Tt1600-80ISR_isronlyll_nev10000_ggbx1.dat
Tt1600-80ISR_isronlyll_nev10000_ggbx1,overlay_bx1,4,Isolated,1830,175.003,1.9126,ttp_AnalysisISR/output/out_Tt1600-80ISR_isronlyll_nev10000_ggbx1.dat
Tt1600-80ISR_isronlyll_nev10000_ggbx1,overlay_bx1,5,M recoil > 1100,1737,166.109,1.9126,ttp_AnalysisISR/output/out_Tt1600-80ISR_isronlyll_nev10000_ggbx1.dat
Tt1600-80ISR_isronlyll_nev10000_ggbx1,overlay_bx1,6,Miss Energy < 1000,1619,154.825,1.9126,ttp_AnalysisISR/output/out_Tt1600-80ISR_isronlyll_nev10000_ggbx1.dat
Tt1600-80ISR_isronlyll_nev10000_ggbx1,overlay_bx1,7,BDT ttbar,1546,147.844,1.9126,ttp_AnalysisISR/output/out_Tt1600-80ISR_isronlyll_nev10000_ggbx1.dat
Tt1600-80ISR_isronlyll_nev10000_ggbx1,overlay_bx1,8,BDT 1200,1525,145.836,1.9126,ttp_AnalysisISR/output/out_Tt1600-80ISR_isronlyll_nev10000_ggbx1.dat
Tt1600-80ISR_isronlyll_nev10000_ggbx1,overlay_bx1,9,BDT 1600,1455,139.142,1.9126,ttp_AnalysisISR/output/out_Tt1600-80ISR_isronlyll_nev10000_ggbx1.dat
Tt1600-80ISR_isronlyll_nev10000_ggbx1,overlay_bx1,10,BDT 2000,1306,124.893,1.9126,ttp_AnalysisISR/output/out_Tt1600-80ISR_isronlyll_nev10000_ggbx1.dat
Tt1600-80ISR_isronlyll_nev10000_ggbx1,overlay_bx1,11,BDT 2400,1055,100.89,1.9126,ttp_AnalysisISR/output/out_Tt1600-80ISR_isronlyll_nev10000_ggbx1.dat
Tt1600ISR_isronlyll_nev10000,clean,0,All,10000,867.4,1.7348,ttp_AnalysisISR/output/out_Tt1600ISR_isronlyll_nev10000.dat
Tt1600ISR_isronlyll_nev10000,clean,1,Fatjet,9994,866.88,1.7348,ttp_AnalysisISR/output/out_Tt1600ISR_isronlyll_nev10000.dat
Tt1600ISR_isronlyll_nev10000,clean,2,top tagged,3123,270.889,1.7348,ttp_AnalysisISR/output/out_Tt1600ISR_isronlyll_nev10000.dat
Tt1600ISR_isronlyll_nev10000,clean,3,subestructure cut,2615,226.825,1.7348,ttp_AnalysisISR/output/out_Tt1600ISR_isronlyll_nev10000.dat
Tt1600ISR_isronlyll_nev10000,clean,4,Isolated,1904,165.153,1.7348,ttp_AnalysisISR/output/out_Tt1600ISR_isronlyll_nev10000.dat
Tt1600ISR_isronlyll_nev10000,clean,5,M recoil > 1100,1826,158.387,1.7348,ttp_AnalysisISR/output/out_Tt1600ISR_isronlyll_nev10000.dat
Tt1600ISR_isronlyll_nev10000,clean,6,Miss Energy < 1000,1718,149.019,1.7348,ttp_AnalysisISR/output/out_Tt1600ISR_isronlyll_nev10000.dat
Tt1600ISR_isronlyll_nev10000,clean,7,BDT ttbar,1626,141.039,1.7348,ttp_AnalysisISR/output/out_Tt1600ISR_isronlyll_nev10000.dat
Tt1600ISR_isronlyll_nev10000,clean,8,BDT 1200,1619,140.432,1.7348,ttp_AnalysisISR/output/out_Tt1600ISR_isronlyll_nev10000.dat
Tt1600ISR_isronlyll_nev10000,clean,9,BDT 1600,1541,133.666,1.7348,ttp_AnalysisISR/output/out_Tt1600ISR_isronlyll_nev10000.dat
Tt1600ISR_isronlyll_nev10000,clean,10,BDT 2000,1390,120.569,1.7348,ttp_AnalysisISR/output/out_Tt1600ISR_isronlyll_nev10000.dat
Tt1600ISR_isronlyll_nev10000,clean,11,BDT 2400,1139,98.7969,1.7348,ttp_AnalysisISR/output/out_Tt1600ISR_isronlyll_nev10000.dat
Tt1600ISR_isronlyll_nev10000_ggbx1,overlay_bx1,0,All,10000,867.4,1.7348,ttp_AnalysisISR/output/out_Tt1600ISR_isronlyll_nev10000_ggbx1.dat
Tt1600ISR_isronlyll_nev10000_ggbx1,overlay_bx1,1,Fatjet,9994,866.88,1.7348,ttp_AnalysisISR/output/out_Tt1600ISR_isronlyll_nev10000_ggbx1.dat
Tt1600ISR_isronlyll_nev10000_ggbx1,overlay_bx1,2,top tagged,3129,271.409,1.7348,ttp_AnalysisISR/output/out_Tt1600ISR_isronlyll_nev10000_ggbx1.dat
Tt1600ISR_isronlyll_nev10000_ggbx1,overlay_bx1,3,subestructure cut,2622,227.432,1.7348,ttp_AnalysisISR/output/out_Tt1600ISR_isronlyll_nev10000_ggbx1.dat
Tt1600ISR_isronlyll_nev10000_ggbx1,overlay_bx1,4,Isolated,1897,164.546,1.7348,ttp_AnalysisISR/output/out_Tt1600ISR_isronlyll_nev10000_ggbx1.dat
Tt1600ISR_isronlyll_nev10000_ggbx1,overlay_bx1,5,M recoil > 1100,1819,157.78,1.7348,ttp_AnalysisISR/output/out_Tt1600ISR_isronlyll_nev10000_ggbx1.dat
Tt1600ISR_isronlyll_nev10000_ggbx1,overlay_bx1,6,Miss Energy < 1000,1717,148.933,1.7348,ttp_AnalysisISR/output/out_Tt1600ISR_isronlyll_nev10000_ggbx1.dat
Tt1600ISR_isronlyll_nev10000_ggbx1,overlay_bx1,7,BDT ttbar,1627,141.126,1.7348,ttp_AnalysisISR/output/out_Tt1600ISR_isronlyll_nev10000_ggbx1.dat
Tt1600ISR_isronlyll_nev10000_ggbx1,overlay_bx1,8,BDT 1200,1615,140.085,1.7348,ttp_AnalysisISR/output/out_Tt1600ISR_isronlyll_nev10000_ggbx1.dat
Tt1600ISR_isronlyll_nev10000_ggbx1,overlay_bx1,9,BDT 1600,1535,133.146,1.7348,ttp_AnalysisISR/output/out_Tt1600ISR_isronlyll_nev10000_ggbx1.dat
Tt1600ISR_isronlyll_nev10000_ggbx1,overlay_bx1,10,BDT 2000,1399,121.349,1.7348,ttp_AnalysisISR/output/out_Tt1600ISR_isronlyll_nev10000_ggbx1.dat
Tt1600ISR_isronlyll_nev10000_ggbx1,overlay_bx1,11,BDT 2400,1152,99.9245,1.7348,ttp_AnalysisISR/output/out_Tt1600ISR_isronlyll_nev10000_ggbx1.dat
Tt1600_80ISR_isronlyll_nev10000,clean,0,All,10000,775.45,1.5509,ttp_AnalysisISR/output/out_Tt1600_80ISR_isronlyll_nev10000.dat
Tt1600_80ISR_isronlyll_nev10000,clean,1,Fatjet,9993,774.907,1.5509,ttp_AnalysisISR/output/out_Tt1600_80ISR_isronlyll_nev10000.dat
Tt1600_80ISR_isronlyll_nev10000,clean,2,top tagged,3115,241.553,1.5509,ttp_AnalysisISR/output/out_Tt1600_80ISR_isronlyll_nev10000.dat
Tt1600_80ISR_isronlyll_nev10000,clean,3,subestructure cut,2608,202.237,1.5509,ttp_AnalysisISR/output/out_Tt1600_80ISR_isronlyll_nev10000.dat
Tt1600_80ISR_isronlyll_nev10000,clean,4,Isolated,1880,145.785,1.5509,ttp_AnalysisISR/output/out_Tt1600_80ISR_isronlyll_nev10000.dat
Tt1600_80ISR_isronlyll_nev10000,clean,5,M recoil > 1100,1798,139.426,1.5509,ttp_AnalysisISR/output/out_Tt1600_80ISR_isronlyll_nev10000.dat
Tt1600_80ISR_isronlyll_nev10000,clean,6,Miss Energy < 1000,1682,130.431,1.5509,ttp_AnalysisISR/output/out_Tt1600_80ISR_isronlyll_nev10000.dat
Tt1600_80ISR_isronlyll_nev10000,clean,7,BDT ttbar,1593,123.529,1.5509,ttp_AnalysisISR/output/out_Tt1600_80ISR_isronlyll_nev10000.dat
Tt1600_80ISR_isronlyll_nev10000,clean,8,BDT 1200,1571,121.823,1.5509,ttp_AnalysisISR/output/out_Tt1600_80ISR_isronlyll_nev10000.dat
Tt1600_80ISR_isronlyll_nev10000,clean,9,BDT 1600,1491,115.62,1.5509,ttp_AnalysisISR/output/out_Tt1600_80ISR_isronlyll_nev10000.dat
Tt1600_80ISR_isronlyll_nev10000,clean,10,BDT 2000,1402,108.718,1.5509,ttp_AnalysisISR/output/out_Tt1600_80ISR_isronlyll_nev10000.dat
Tt1600_80ISR_isronlyll_nev10000,clean,11,BDT 2400,1091,84.6016,1.5509,ttp_AnalysisISR/output/out_Tt1600_80ISR_isronlyll_nev10000.dat
Tt1600_80ISR_isronlyll_nev10000_ggbx1,overlay_bx1,0,All,10000,775.45,1.5509,ttp_AnalysisISR/output/out_Tt1600_80ISR_isronlyll_nev10000_ggbx1.dat
Tt1600_80ISR_isronlyll_nev10000_ggbx1,overlay_bx1,1,Fatjet,9993,774.907,1.5509,ttp_AnalysisISR/output/out_Tt1600_80ISR_isronlyll_nev10000_ggbx1.dat
Tt1600_80ISR_isronlyll_nev10000_ggbx1,overlay_bx1,2,top tagged,3104,240.7,1.5509,ttp_AnalysisISR/output/out_Tt1600_80ISR_isronlyll_nev10000_ggbx1.dat
Tt1600_80ISR_isronlyll_nev10000_ggbx1,overlay_bx1,3,subestructure cut,2595,201.229,1.5509,ttp_AnalysisISR/output/out_Tt1600_80ISR_isronlyll_nev10000_ggbx1.dat
Tt1600_80ISR_isronlyll_nev10000_ggbx1,overlay_bx1,4,Isolated,1862,144.389,1.5509,ttp_AnalysisISR/output/out_Tt1600_80ISR_isronlyll_nev10000_ggbx1.dat
Tt1600_80ISR_isronlyll_nev10000_ggbx1,overlay_bx1,5,M recoil > 1100,1779,137.953,1.5509,ttp_AnalysisISR/output/out_Tt1600_80ISR_isronlyll_nev10000_ggbx1.dat
Tt1600_80ISR_isronlyll_nev10000_ggbx1,overlay_bx1,6,Miss Energy < 1000,1670,129.5,1.5509,ttp_AnalysisISR/output/out_Tt1600_80ISR_isronlyll_nev10000_ggbx1.dat
Tt1600_80ISR_isronlyll_nev10000_ggbx1,overlay_bx1,7,BDT ttbar,1584,122.831,1.5509,ttp_AnalysisISR/output/out_Tt1600_80ISR_isronlyll_nev10000_ggbx1.dat
Tt1600_80ISR_isronlyll_nev10000_ggbx1,overlay_bx1,8,BDT 1200,1560,120.97,1.5509,ttp_AnalysisISR/output/out_Tt1600_80ISR_isronlyll_nev10000_ggbx1.dat
Tt1600_80ISR_isronlyll_nev10000_ggbx1,overlay_bx1,9,BDT 1600,1478,114.612,1.5509,ttp_AnalysisISR/output/out_Tt1600_80ISR_isronlyll_nev10000_ggbx1.dat
Tt1600_80ISR_isronlyll_nev10000_ggbx1,overlay_bx1,10,BDT 2000,1392,107.943,1.5509,ttp_AnalysisISR/output/out_Tt1600_80ISR_isronlyll_nev10000_ggbx1.dat
Tt1600_80ISR_isronlyll_nev10000_ggbx1,overlay_bx1,11,BDT 2400,1075,83.3609,1.5509,ttp_AnalysisISR/output/out_Tt1600_80ISR_isronlyll_nev10000_ggbx1.dat
Tt2000-80ISR_isronlyll_nev10000,clean,0,All,10000,544.4,1.0888,ttp_AnalysisISR/output/out_Tt2000-80ISR_isronlyll_nev10000.dat
Tt2000-80ISR_isronlyll_nev10000,clean,1,Fatjet,9994,544.073,1.0888,ttp_AnalysisISR/output/out_Tt2000-80ISR_isronlyll_nev10000.dat
Tt2000-80ISR_isronlyll_nev10000,clean,2,top tagged,2824,153.739,1.0888,ttp_AnalysisISR/output/out_Tt2000-80ISR_isronlyll_nev10000.dat
Tt2000-80ISR_isronlyll_nev10000,clean,3,subestructure cut,2327,126.682,1.0888,ttp_AnalysisISR/output/out_Tt2000-80ISR_isronlyll_nev10000.dat
Tt2000-80ISR_isronlyll_nev10000,clean,4,Isolated,1755,95.5422,1.0888,ttp_AnalysisISR/output/out_Tt2000-80ISR_isronlyll_nev10000.dat
Tt2000-80ISR_isronlyll_nev10000,clean,5,M recoil > 1100,1619,88.1384,1.0888,ttp_AnalysisISR/output/out_Tt2000-80ISR_isronlyll_nev10000.dat
Tt2000-80ISR_isronlyll_nev10000,clean,6,Miss Energy < 1000,1470,80.0268,1.0888,ttp_AnalysisISR/output/out_Tt2000-80ISR_isronlyll_nev10000.dat
Tt2000-80ISR_isronlyll_nev10000,clean,7,BDT ttbar,1345,73.2218,1.0888,ttp_AnalysisISR/output/out_Tt2000-80ISR_isronlyll_nev10000.dat
Tt2000-80ISR_isronlyll_nev10000,clean,8,BDT 1200,1320,71.8608,1.0888,ttp_AnalysisISR/output/out_Tt2000-80ISR_isronlyll_nev10000.dat
Tt2000-80ISR_isronlyll_nev10000,clean,9,BDT 1600,1312,71.4253,1.0888,ttp_AnalysisISR/output/out_Tt2000-80ISR_isronlyll_nev10000.dat
Tt2000-80ISR_isronlyll_nev10000,clean,10,BDT 2000,1322,71.9697,1.0888,ttp_AnalysisISR/output/out_Tt2000-80ISR_isronlyll_nev10000.dat
Tt2000-80ISR_isronlyll_nev10000,clean,11,BDT 2400,1142,62.1705,1.0888,ttp_AnalysisISR/output/out_Tt2000-80ISR_isronlyll_nev10000.dat
Tt2000-80ISR_isronlyll_nev10000_ggbx1,overlay_bx1,0,All,10000,544.4,1.0888,ttp_AnalysisISR/output/out_Tt2000-80ISR_isronlyll_nev10000_ggbx1.dat
Tt2000-80ISR_isronlyll_nev10000_ggbx1,overlay_bx1,1,Fatjet,9994,544.073,1.0888,ttp_AnalysisISR/output/out_Tt2000-80ISR_isronlyll_nev10000_ggbx1.dat
Tt2000-80ISR_isronlyll_nev10000_ggbx1,overlay_bx1,2,top tagged,2819,153.466,1.0888,ttp_AnalysisISR/output/out_Tt2000-80ISR_isronlyll_nev10000_ggbx1.dat
Tt2000-80ISR_isronlyll_nev10000_ggbx1,overlay_bx1,3,subestructure cut,2313,125.92,1.0888,ttp_AnalysisISR/output/out_Tt2000-80ISR_isronlyll_nev10000_ggbx1.dat
Tt2000-80ISR_isronlyll_nev10000_ggbx1,overlay_bx1,4,Isolated,1741,94.78,1.0888,ttp_AnalysisISR/output/out_Tt2000-80ISR_isronlyll_nev10000_ggbx1.dat
Tt2000-80ISR_isronlyll_nev10000_ggbx1,overlay_bx1,5,M recoil > 1100,1605,87.3762,1.0888,ttp_AnalysisISR/output/out_Tt2000-80ISR_isronlyll_nev10000_ggbx1.dat
Tt2000-80ISR_isronlyll_nev10000_ggbx1,overlay_bx1,6,Miss Energy < 1000,1460,79.4824,1.0888,ttp_AnalysisISR/output/out_Tt2000-80ISR_isronlyll_nev10000_ggbx1.dat
Tt2000-80ISR_isronlyll_nev10000_ggbx1,overlay_bx1,7,BDT ttbar,1336,72.7318,1.0888,ttp_AnalysisISR/output/out_Tt2000-80ISR_isronlyll_nev10000_ggbx1.dat
Tt2000-80ISR_isronlyll_nev10000_ggbx1,overlay_bx1,8,BDT 1200,1305,71.0442,1.0888,ttp_AnalysisISR/output/out_Tt2000-80ISR_isronlyll_nev10000_ggbx1.dat
Tt2000-80ISR_isronlyll_nev10000_ggbx1,overlay_bx1,9,BDT 1600,1295,70.4998,1.0888,ttp_AnalysisISR/output/out_Tt2000-80ISR_isronlyll_nev10000_ggbx1.dat
Tt2000-80ISR_isronlyll_nev10000_ggbx1,overlay_bx1,10,BDT 2000,1307,71.1531,1.0888,ttp_AnalysisISR/output/out_Tt2000-80ISR_isronlyll_nev10000_ggbx1.dat
Tt2000-80ISR_isronlyll_nev10000_ggbx1,overlay_bx1,11,BDT 2400,1142,62.1705,1.0888,ttp_AnalysisISR/output/out_Tt2000-80ISR_isronlyll_nev10000_ggbx1.dat
Tt2000ISR_isronlyll_nev10000,clean,0,All,10000,493.76,0.98752,ttp_AnalysisISR/output/out_Tt2000ISR_isronlyll_nev10000.dat
Tt2000ISR_isronlyll_nev10000,clean,1,Fatjet,9992,493.365,0.98752,ttp_AnalysisISR/output/out_Tt2000ISR_isronlyll_nev10000.dat
Tt2000ISR_isronlyll_nev10000,clean,2,top tagged,2730,134.796,0.98752,ttp_AnalysisISR/output/out_Tt2000ISR_isronlyll_nev10000.dat
Tt2000ISR_isronlyll_nev10000,clean,3,subestructure cut,2228,110.01,0.98752,ttp_AnalysisISR/output/out_Tt2000ISR_isronlyll_nev10000.dat
Tt2000ISR_isronlyll_nev10000,clean,4,Isolated,1749,86.3586,0.98752,ttp_AnalysisISR/output/out_Tt2000ISR_isronlyll_nev10000.dat
Tt2000ISR_isronlyll_nev10000,clean,5,M recoil > 1100,1619,79.9397,0.98752,ttp_AnalysisISR/output/out_Tt2000ISR_isronlyll_nev10000.dat
Tt2000ISR_isronlyll_nev10000,clean,6,Miss Energy < 1000,1524,75.249,0.98752,ttp_AnalysisISR/output/out_Tt2000ISR_isronlyll_nev10000.dat
Tt2000ISR_isronlyll_nev10000,clean,7,BDT ttbar,1419,70.0645,0.98752,ttp_AnalysisISR/output/out_Tt2000ISR_isronlyll_nev10000.dat
Tt2000ISR_isronlyll_nev10000,clean,8,BDT 1200,1376,67.9414,0.98752,ttp_AnalysisISR/output/out_Tt2000ISR_isronlyll_nev10000.dat
Tt2000ISR_isronlyll_nev10000,clean,9,BDT 1600,1355,66.9045,0.98752,ttp_AnalysisISR/output/out_Tt2000ISR_isronlyll_nev10000.dat
Tt2000ISR_isronlyll_nev10000,clean,10,BDT 2000,1354,66.8551,0.98752,ttp_AnalysisISR/output/out_Tt2000ISR_isronlyll_nev10000.dat
Tt2000ISR_isronlyll_nev10000,clean,11,BDT 2400,1174,57.9674,0.98752,ttp_AnalysisISR/output/out_Tt2000ISR_isronlyll_nev10000.dat
Tt2000ISR_isronlyll_nev10000_ggbx1,overlay_bx1,0,All,10000,493.76,0.98752,ttp_AnalysisISR/output/out_Tt2000ISR_isronlyll_nev10000_ggbx1.dat
Tt2000ISR_isronlyll_nev10000_ggbx1,overlay_bx1,1,Fatjet,9993,493.414,0.98752,ttp_AnalysisISR/output/out_Tt2000ISR_isronlyll_nev10000_ggbx1.dat
Tt2000ISR_isronlyll_nev10000_ggbx1,overlay_bx1,2,top tagged,2731,134.846,0.98752,ttp_AnalysisISR/output/out_Tt2000ISR_isronlyll_nev10000_ggbx1.dat
Tt2000ISR_isronlyll_nev10000_ggbx1,overlay_bx1,3,subestructure cut,2229,110.059,0.98752,ttp_AnalysisISR/output/out_Tt2000ISR_isronlyll_nev10000_ggbx1.dat
Tt2000ISR_isronlyll_nev10000_ggbx1,overlay_bx1,4,Isolated,1741,85.9636,0.98752,ttp_AnalysisISR/output/out_Tt2000ISR_isronlyll_nev10000_ggbx1.dat
Tt2000ISR_isronlyll_nev10000_ggbx1,overlay_bx1,5,M recoil > 1100,1609,79.446,0.98752,ttp_AnalysisISR/output/out_Tt2000ISR_isronlyll_nev10000_ggbx1.dat
Tt2000ISR_isronlyll_nev10000_ggbx1,overlay_bx1,6,Miss Energy < 1000,1519,75.0021,0.98752,ttp_AnalysisISR/output/out_Tt2000ISR_isronlyll_nev10000_ggbx1.dat
Tt2000ISR_isronlyll_nev10000_ggbx1,overlay_bx1,7,BDT ttbar,1411,69.6695,0.98752,ttp_AnalysisISR/output/out_Tt2000ISR_isronlyll_nev10000_ggbx1.dat
Tt2000ISR_isronlyll_nev10000_ggbx1,overlay_bx1,8,BDT 1200,1369,67.5957,0.98752,ttp_AnalysisISR/output/out_Tt2000ISR_isronlyll_nev10000_ggbx1.dat
Tt2000ISR_isronlyll_nev10000_ggbx1,overlay_bx1,9,BDT 1600,1349,66.6082,0.98752,ttp_AnalysisISR/output/out_Tt2000ISR_isronlyll_nev10000_ggbx1.dat
Tt2000ISR_isronlyll_nev10000_ggbx1,overlay_bx1,10,BDT 2000,1347,66.5095,0.98752,ttp_AnalysisISR/output/out_Tt2000ISR_isronlyll_nev10000_ggbx1.dat
Tt2000ISR_isronlyll_nev10000_ggbx1,overlay_bx1,11,BDT 2400,1162,57.3749,0.98752,ttp_AnalysisISR/output/out_Tt2000ISR_isronlyll_nev10000_ggbx1.dat
Tt2000_80ISR_isronlyll_nev10000,clean,0,All,10000,442.445,0.88489,ttp_AnalysisISR/output/out_Tt2000_80ISR_isronlyll_nev10000.dat
Tt2000_80ISR_isronlyll_nev10000,clean,1,Fatjet,9994,442.18,0.88489,ttp_AnalysisISR/output/out_Tt2000_80ISR_isronlyll_nev10000.dat
Tt2000_80ISR_isronlyll_nev10000,clean,2,top tagged,2802,123.973,0.88489,ttp_AnalysisISR/output/out_Tt2000_80ISR_isronlyll_nev10000.dat
Tt2000_80ISR_isronlyll_nev10000,clean,3,subestructure cut,2295,101.541,0.88489,ttp_AnalysisISR/output/out_Tt2000_80ISR_isronlyll_nev10000.dat
Tt2000_80ISR_isronlyll_nev10000,clean,4,Isolated,1732,76.6315,0.88489,ttp_AnalysisISR/output/out_Tt2000_80ISR_isronlyll_nev10000.dat
Tt2000_80ISR_isronlyll_nev10000,clean,5,M recoil > 1100,1600,70.7912,0.88489,ttp_AnalysisISR/output/out_Tt2000_80ISR_isronlyll_nev10000.dat
Tt2000_80ISR_isronlyll_nev10000,clean,6,Miss Energy < 1000,1498,66.2783,0.88489,ttp_AnalysisISR/output/out_Tt2000_80ISR_isronlyll_nev10000.dat
Tt2000_80ISR_isronlyll_nev10000,clean,7,BDT ttbar,1392,61.5883,0.88489,ttp_AnalysisISR/output/out_Tt2000_80ISR_isronlyll_nev10000.dat
Tt2000_80ISR_isronlyll_nev10000,clean,8,BDT 1200,1374,60.7919,0.88489,ttp_AnalysisISR/output/out_Tt2000_80ISR_isronlyll_nev10000.dat
Tt2000_80ISR_isronlyll_nev10000,clean,9,BDT 1600,1313,58.093,0.88489,ttp_AnalysisISR/output/out_Tt2000_80ISR_isronlyll_nev10000.dat
Tt2000_80ISR_isronlyll_nev10000,clean,10,BDT 2000,1323,58.5355,0.88489,ttp_AnalysisISR/output/out_Tt2000_80ISR_isronlyll_nev10000.dat
Tt2000_80ISR_isronlyll_nev10000,clean,11,BDT 2400,1122,49.6423,0.88489,ttp_AnalysisISR/output/out_Tt2000_80ISR_isronlyll_nev10000.dat
Tt2000_80ISR_isronlyll_nev10000_ggbx1,overlay_bx1,0,All,10000,442.445,0.88489,ttp_AnalysisISR/output/out_Tt2000_80ISR_isronlyll_nev10000_ggbx1.dat
Tt2000_80ISR_isronlyll_nev10000_ggbx1,overlay_bx1,1,Fatjet,9994,442.18,0.88489,ttp_AnalysisISR/output/out_Tt2000_80ISR_isronlyll_nev10000_ggbx1.dat
Tt2000_80ISR_isronlyll_nev10000_ggbx1,overlay_bx1,2,top tagged,2795,123.663,0.88489,ttp_AnalysisISR/output/out_Tt2000_80ISR_isronlyll_nev10000_ggbx1.dat
Tt2000_80ISR_isronlyll_nev10000_ggbx1,overlay_bx1,3,subestructure cut,2284,101.054,0.88489,ttp_AnalysisISR/output/out_Tt2000_80ISR_isronlyll_nev10000_ggbx1.dat
Tt2000_80ISR_isronlyll_nev10000_ggbx1,overlay_bx1,4,Isolated,1721,76.1448,0.88489,ttp_AnalysisISR/output/out_Tt2000_80ISR_isronlyll_nev10000_ggbx1.dat
Tt2000_80ISR_isronlyll_nev10000_ggbx1,overlay_bx1,5,M recoil > 1100,1589,70.3045,0.88489,ttp_AnalysisISR/output/out_Tt2000_80ISR_isronlyll_nev10000_ggbx1.dat
Tt2000_80ISR_isronlyll_nev10000_ggbx1,overlay_bx1,6,Miss Energy < 1000,1494,66.1013,0.88489,ttp_AnalysisISR/output/out_Tt2000_80ISR_isronlyll_nev10000_ggbx1.dat
Tt2000_80ISR_isronlyll_nev10000_ggbx1,overlay_bx1,7,BDT ttbar,1388,61.4114,0.88489,ttp_AnalysisISR/output/out_Tt2000_80ISR_isronlyll_nev10000_ggbx1.dat
Tt2000_80ISR_isronlyll_nev10000_ggbx1,overlay_bx1,8,BDT 1200,1366,60.438,0.88489,ttp_AnalysisISR/output/out_Tt2000_80ISR_isronlyll_nev10000_ggbx1.dat
Tt2000_80ISR_isronlyll_nev10000_ggbx1,overlay_bx1,9,BDT 1600,1305,57.7391,0.88489,ttp_AnalysisISR/output/out_Tt2000_80ISR_isronlyll_nev10000_ggbx1.dat
Tt2000_80ISR_isronlyll_nev10000_ggbx1,overlay_bx1,10,BDT 2000,1318,58.3142,0.88489,ttp_AnalysisISR/output/out_Tt2000_80ISR_isronlyll_nev10000_ggbx1.dat
Tt2000_80ISR_isronlyll_nev10000_ggbx1,overlay_bx1,11,BDT 2400,1129,49.952,0.88489,ttp_AnalysisISR/output/out_Tt2000_80ISR_isronlyll_nev10000_ggbx1.dat
Tt2400-80ISR_isronlyll_nev10000,clean,0,All,10000,206.53,0.41306,ttp_AnalysisISR/output/out_Tt2400-80ISR_isronlyll_nev10000.dat
Tt2400-80ISR_isronlyll_nev10000,clean,1,Fatjet,9989,206.303,0.41306,ttp_AnalysisISR/output/out_Tt2400-80ISR_isronlyll_nev10000.dat
Tt2400-80ISR_isronlyll_nev10000,clean,2,top tagged,2030,41.9256,0.41306,ttp_AnalysisISR/output/out_Tt2400-80ISR_isronlyll_nev10000.dat
Tt2400-80ISR_isronlyll_nev10000,clean,3,subestructure cut,1618,33.4166,0.41306,ttp_AnalysisISR/output/out_Tt2400-80ISR_isronlyll_nev10000.dat
Tt2400-80ISR_isronlyll_nev10000,clean,4,Isolated,1086,22.4292,0.41306,ttp_AnalysisISR/output/out_Tt2400-80ISR_isronlyll_nev10000.dat
Tt2400-80ISR_isronlyll_nev10000,clean,5,M recoil > 1100,906,18.7116,0.41306,ttp_AnalysisISR/output/out_Tt2400-80ISR_isronlyll_nev10000.dat
Tt2400-80ISR_isronlyll_nev10000,clean,6,Miss Energy < 1000,810,16.7289,0.41306,ttp_AnalysisISR/output/out_Tt2400-80ISR_isronlyll_nev10000.dat
Tt2400-80ISR_isronlyll_nev10000,clean,7,BDT ttbar,707,14.6017,0.41306,ttp_AnalysisISR/output/out_Tt2400-80ISR_isronlyll_nev10000.dat
Tt2400-80ISR_isronlyll_nev10000,clean,8,BDT 1200,685,14.1473,0.41306,ttp_AnalysisISR/output/out_Tt2400-80ISR_isronlyll_nev10000.dat
Tt2400-80ISR_isronlyll_nev10000,clean,9,BDT 1600,626,12.9288,0.41306,ttp_AnalysisISR/output/out_Tt2400-80ISR_isronlyll_nev10000.dat
Tt2400-80ISR_isronlyll_nev10000,clean,10,BDT 2000,647,13.3625,0.41306,ttp_AnalysisISR/output/out_Tt2400-80ISR_isronlyll_nev10000.dat
Tt2400-80ISR_isronlyll_nev10000,clean,11,BDT 2400,664,13.7136,0.41306,ttp_AnalysisISR/output/out_Tt2400-80ISR_isronlyll_nev10000.dat
Tt2400-80ISR_isronlyll_nev10000_ggbx1,overlay_bx1,0,All,10000,206.53,0.41306,ttp_AnalysisISR/output/out_Tt2400-80ISR_isronlyll_nev10000_ggbx1.dat
Tt2400-80ISR_isronlyll_nev10000_ggbx1,overlay_bx1,1,Fatjet,9989,206.303,0.41306,ttp_AnalysisISR/output/out_Tt2400-80ISR_isronlyll_nev10000_ggbx1.dat
Tt2400-80ISR_isronlyll_nev10000_ggbx1,overlay_bx1,2,top tagged,2023,41.781,0.41306,ttp_AnalysisISR/output/out_Tt2400-80ISR_isronlyll_nev10000_ggbx1.dat
Tt2400-80ISR_isronlyll_nev10000_ggbx1,overlay_bx1,3,subestructure cut,1610,33.2513,0.41306,ttp_AnalysisISR/output/out_Tt2400-80ISR_isronlyll_nev10000_ggbx1.dat
Tt2400-80ISR_isronlyll_nev10000_ggbx1,overlay_bx1,4,Isolated,1076,22.2226,0.41306,ttp_AnalysisISR/output/out_Tt2400-80ISR_isronlyll_nev10000_ggbx1.dat
Tt2400-80ISR_isronlyll_nev10000_ggbx1,overlay_bx1,5,M recoil > 1100,893,18.4431,0.41306,ttp_AnalysisISR/output/out_Tt2400-80ISR_isronlyll_nev10000_ggbx1.dat
Tt2400-80ISR_isronlyll_nev10000_ggbx1,overlay_bx1,6,Miss Energy < 1000,804,16.605,0.41306,ttp_AnalysisISR/output/out_Tt2400-80ISR_isronlyll_nev10000_ggbx1.dat
Tt2400-80ISR_isronlyll_nev10000_ggbx1,overlay_bx1,7,BDT ttbar,704,14.5397,0.41306,ttp_AnalysisISR/output/out_Tt2400-80ISR_isronlyll_nev10000_ggbx1.dat
Tt2400-80ISR_isronlyll_nev10000_ggbx1,overlay_bx1,8,BDT 1200,678,14.0027,0.41306,ttp_AnalysisISR/output/out_Tt2400-80ISR_isronlyll_nev10000_ggbx1.dat
Tt2400-80ISR_isronlyll_nev10000_ggbx1,overlay_bx1,9,BDT 1600,624,12.8875,0.41306,ttp_AnalysisISR/output/out_Tt2400-80ISR_isronlyll_nev10000_ggbx1.dat
Tt2400-80ISR_isronlyll_nev10000_ggbx1,overlay_bx1,10,BDT 2000,642,13.2592,0.41306,ttp_AnalysisISR/output/out_Tt2400-80ISR_isronlyll_nev10000_ggbx1.dat
Tt2400-80ISR_isronlyll_nev10000_ggbx1,overlay_bx1,11,BDT 2400,661,13.6516,0.41306,ttp_AnalysisISR/output/out_Tt2400-80ISR_isronlyll_nev10000_ggbx1.dat
Tt2400ISR_isronlyll_nev10000,clean,0,All,10000,187.2,0.3744,ttp_AnalysisISR/output/out_Tt2400ISR_isronlyll_nev10000.dat
Tt2400ISR_isronlyll_nev10000,clean,1,Fatjet,9988,186.975,0.3744,ttp_AnalysisISR/output/out_Tt2400ISR_isronlyll_nev10000.dat
Tt2400ISR_isronlyll_nev10000,clean,2,top tagged,2057,38.507,0.3744,ttp_AnalysisISR/output/out_Tt2400ISR_isronlyll_nev10000.dat
Tt2400ISR_isronlyll_nev10000,clean,3,subestructure cut,1656,31.0003,0.3744,ttp_AnalysisISR/output/out_Tt2400ISR_isronlyll_nev10000.dat
Tt2400ISR_isronlyll_nev10000,clean,4,Isolated,1130,21.1536,0.3744,ttp_AnalysisISR/output/out_Tt2400ISR_isronlyll_nev10000.dat
Tt2400ISR_isronlyll_nev10000,clean,5,M recoil > 1100,965,18.0648,0.3744,ttp_AnalysisISR/output/out_Tt2400ISR_isronlyll_nev10000.dat
Tt2400ISR_isronlyll_nev10000,clean,6,Miss Energy < 1000,869,16.2677,0.3744,ttp_AnalysisISR/output/out_Tt2400ISR_isronlyll_nev10000.dat
Tt2400ISR_isronlyll_nev10000,clean,7,BDT ttbar,766,14.3395,0.3744,ttp_AnalysisISR/output/out_Tt2400ISR_isronlyll_nev10000.dat
Tt2400ISR_isronlyll_nev10000,clean,8,BDT 1200,745,13.9464,0.3744,ttp_AnalysisISR/output/out_Tt2400ISR_isronlyll_nev10000.dat
Tt2400ISR_isronlyll_nev10000,clean,9,BDT 1600,708,13.2538,0.3744,ttp_AnalysisISR/output/out_Tt2400ISR_isronlyll_nev10000.dat
Tt2400ISR_isronlyll_nev10000,clean,10,BDT 2000,708,13.2538,0.3744,ttp_AnalysisISR/output/out_Tt2400ISR_isronlyll_nev10000.dat
Tt2400ISR_isronlyll_nev10000,clean,11,BDT 2400,745,13.9464,0.3744,ttp_AnalysisISR/output/out_Tt2400ISR_isronlyll_nev10000.dat
Tt2400ISR_isronlyll_nev10000_ggbx1,overlay_bx1,0,All,10000,187.2,0.3744,ttp_AnalysisISR/output/out_Tt2400ISR_isronlyll_nev10000_ggbx1.dat
Tt2400ISR_isronlyll_nev10000_ggbx1,overlay_bx1,1,Fatjet,9988,186.975,0.3744,ttp_AnalysisISR/output/out_Tt2400ISR_isronlyll_nev10000_ggbx1.dat
Tt2400ISR_isronlyll_nev10000_ggbx1,overlay_bx1,2,top tagged,2053,38.4322,0.3744,ttp_AnalysisISR/output/out_Tt2400ISR_isronlyll_nev10000_ggbx1.dat
Tt2400ISR_isronlyll_nev10000_ggbx1,overlay_bx1,3,subestructure cut,1653,30.9442,0.3744,ttp_AnalysisISR/output/out_Tt2400ISR_isronlyll_nev10000_ggbx1.dat
Tt2400ISR_isronlyll_nev10000_ggbx1,overlay_bx1,4,Isolated,1124,21.0413,0.3744,ttp_AnalysisISR/output/out_Tt2400ISR_isronlyll_nev10000_ggbx1.dat
Tt2400ISR_isronlyll_nev10000_ggbx1,overlay_bx1,5,M recoil > 1100,960,17.9712,0.3744,ttp_AnalysisISR/output/out_Tt2400ISR_isronlyll_nev10000_ggbx1.dat
Tt2400ISR_isronlyll_nev10000_ggbx1,overlay_bx1,6,Miss Energy < 1000,868,16.249,0.3744,ttp_AnalysisISR/output/out_Tt2400ISR_isronlyll_nev10000_ggbx1.dat
Tt2400ISR_isronlyll_nev10000_ggbx1,overlay_bx1,7,BDT ttbar,763,14.2834,0.3744,ttp_AnalysisISR/output/out_Tt2400ISR_isronlyll_nev10000_ggbx1.dat
Tt2400ISR_isronlyll_nev10000_ggbx1,overlay_bx1,8,BDT 1200,745,13.9464,0.3744,ttp_AnalysisISR/output/out_Tt2400ISR_isronlyll_nev10000_ggbx1.dat
Tt2400ISR_isronlyll_nev10000_ggbx1,overlay_bx1,9,BDT 1600,710,13.2912,0.3744,ttp_AnalysisISR/output/out_Tt2400ISR_isronlyll_nev10000_ggbx1.dat
Tt2400ISR_isronlyll_nev10000_ggbx1,overlay_bx1,10,BDT 2000,711,13.3099,0.3744,ttp_AnalysisISR/output/out_Tt2400ISR_isronlyll_nev10000_ggbx1.dat
Tt2400ISR_isronlyll_nev10000_ggbx1,overlay_bx1,11,BDT 2400,744,13.9277,0.3744,ttp_AnalysisISR/output/out_Tt2400ISR_isronlyll_nev10000_ggbx1.dat
Tt2400_80ISR_isronlyll_nev10000,clean,0,All,10000,167.845,0.33569,ttp_AnalysisISR/output/out_Tt2400_80ISR_isronlyll_nev10000.dat
Tt2400_80ISR_isronlyll_nev10000,clean,1,Fatjet,9990,167.677,0.33569,ttp_AnalysisISR/output/out_Tt2400_80ISR_isronlyll_nev10000.dat
Tt2400_80ISR_isronlyll_nev10000,clean,2,top tagged,1974,33.1326,0.33569,ttp_AnalysisISR/output/out_Tt2400_80ISR_isronlyll_nev10000.dat
Tt2400_80ISR_isronlyll_nev10000,clean,3,subestructure cut,1580,26.5195,0.33569,ttp_AnalysisISR/output/out_Tt2400_80ISR_isronlyll_nev10000.dat
Tt2400_80ISR_isronlyll_nev10000,clean,4,Isolated,1094,18.3622,0.33569,ttp_AnalysisISR/output/out_Tt2400_80ISR_isronlyll_nev10000.dat
Tt2400_80ISR_isronlyll_nev10000,clean,5,M recoil > 1100,910,15.2739,0.33569,ttp_AnalysisISR/output/out_Tt2400_80ISR_isronlyll_nev10000.dat
Tt2400_80ISR_isronlyll_nev10000,clean,6,Miss Energy < 1000,814,13.6626,0.33569,ttp_AnalysisISR/output/out_Tt2400_80ISR_isronlyll_nev10000.dat
Tt2400_80ISR_isronlyll_nev10000,clean,7,BDT ttbar,725,12.1688,0.33569,ttp_AnalysisISR/output/out_Tt2400_80ISR_isronlyll_nev10000.dat
Tt2400_80ISR_isronlyll_nev10000,clean,8,BDT 1200,700,11.7491,0.33569,ttp_AnalysisISR/output/out_Tt2400_80ISR_isronlyll_nev10000.dat
Tt2400_80ISR_isronlyll_nev10000,clean,9,BDT 1600,646,10.8428,0.33569,ttp_AnalysisISR/output/out_Tt2400_80ISR_isronlyll_nev10000.dat
Tt2400_80ISR_isronlyll_nev10000,clean,10,BDT 2000,649,10.8931,0.33569,ttp_AnalysisISR/output/out_Tt2400_80ISR_isronlyll_nev10000.dat
Tt2400_80ISR_isronlyll_nev10000,clean,11,BDT 2400,696,11.682,0.33569,ttp_AnalysisISR/output/out_Tt2400_80ISR_isronlyll_nev10000.dat
Tt2400_80ISR_isronlyll_nev10000_ggbx1,overlay_bx1,0,All,10000,167.845,0.33569,ttp_AnalysisISR/output/out_Tt2400_80ISR_isronlyll_nev10000_ggbx1.dat
Tt2400_80ISR_isronlyll_nev10000_ggbx1,overlay_bx1,1,Fatjet,9990,167.677,0.33569,ttp_AnalysisISR/output/out_Tt2400_80ISR_isronlyll_nev10000_ggbx1.dat
Tt2400_80ISR_isronlyll_nev10000_ggbx1,overlay_bx1,2,top tagged,1981,33.2501,0.33569,ttp_AnalysisISR/output/out_Tt2400_80ISR_isronlyll_nev10000_ggbx1.dat
Tt2400_80ISR_isronlyll_nev10000_ggbx1,overlay_bx1,3,subestructure cut,1573,26.402,0.33569,ttp_AnalysisISR/output/out_Tt2400_80ISR_isronlyll_nev10000_ggbx1.dat
Tt2400_80ISR_isronlyll_nev10000_ggbx1,overlay_bx1,4,Isolated,1086,18.228,0.33569,ttp_AnalysisISR/output/out_Tt2400_80ISR_isronlyll_nev10000_ggbx1.dat
Tt2400_80ISR_isronlyll_nev10000_ggbx1,overlay_bx1,5,M recoil > 1100,899,15.0893,0.33569,ttp_AnalysisISR/output/out_Tt2400_80ISR_isronlyll_nev10000_ggbx1.dat
Tt2400_80ISR_isronlyll_nev10000_ggbx1,overlay_bx1,6,Miss Energy < 1000,809,13.5787,0.33569,ttp_AnalysisISR/output/out_Tt2400_80ISR_isronlyll_nev10000_ggbx1.dat
Tt2400_80ISR_isronlyll_nev10000_ggbx1,overlay_bx1,7,BDT ttbar,717,12.0345,0.33569,ttp_AnalysisISR/output/out_Tt2400_80ISR_isronlyll_nev10000_ggbx1.dat
Tt2400_80ISR_isronlyll_nev10000_ggbx1,overlay_bx1,8,BDT 1200,691,11.5981,0.33569,ttp_AnalysisISR/output/out_Tt2400_80ISR_isronlyll_nev10000_ggbx1.dat
Tt2400_80ISR_isronlyll_nev10000_ggbx1,overlay_bx1,9,BDT 1600,638,10.7085,0.33569,ttp_AnalysisISR/output/out_Tt2400_80ISR_isronlyll_nev10000_ggbx1.dat
Tt2400_80ISR_isronlyll_nev10000_ggbx1,overlay_bx1,10,BDT 2000,645,10.826,0.33569,ttp_AnalysisISR/output/out_Tt2400_80ISR_isronlyll_nev10000_ggbx1.dat
Tt2400_80ISR_isronlyll_nev10000_ggbx1,overlay_bx1,11,BDT 2400,690,11.5813,0.33569,ttp_AnalysisISR/output/out_Tt2400_80ISR_isronlyll_nev10000_ggbx1.dat
ttbar-80ISR_isronlyll_nev10000,clean,0,All,9983,186630,372.626,ttp_AnalysisISR/output/out_ttbar-80ISR_isronlyll_nev10000.dat
ttbar-80ISR_isronlyll_nev10000,clean,1,Fatjet,9621,179863,372.626,ttp_AnalysisISR/output/out_ttbar-80ISR_isronlyll_nev10000.dat
ttbar-80ISR_isronlyll_nev10000,clean,2,top tagged,3629,67843.4,372.626,ttp_AnalysisISR/output/out_ttbar-80ISR_isronlyll_nev10000.dat
ttbar-80ISR_isronlyll_nev10000,clean,3,subestructure cut,3187,59580.3,372.626,ttp_AnalysisISR/output/out_ttbar-80ISR_isronlyll_nev10000.dat
ttbar-80ISR_isronlyll_nev10000,clean,4,Isolated,2605,48699.9,372.626,ttp_AnalysisISR/output/out_ttbar-80ISR_isronlyll_nev10000.dat
ttbar-80ISR_isronlyll_nev10000,clean,5,M recoil > 1100,1195,22340.3,372.626,ttp_AnalysisISR/output/out_ttbar-80ISR_isronlyll_nev10000.dat
ttbar-80ISR_isronlyll_nev10000,clean,6,Miss Energy < 1000,754,14095.9,372.626,ttp_AnalysisISR/output/out_ttbar-80ISR_isronlyll_nev10000.dat
ttbar-80ISR_isronlyll_nev10000,clean,7,BDT ttbar,596,11142.1,372.626,ttp_AnalysisISR/output/out_ttbar-80ISR_isronlyll_nev10000.dat
ttbar-80ISR_isronlyll_nev10000,clean,8,BDT 1200,559,10450.4,372.626,ttp_AnalysisISR/output/out_ttbar-80ISR_isronlyll_nev10000.dat
ttbar-80ISR_isronlyll_nev10000,clean,9,BDT 1600,355,6636.65,372.626,ttp_AnalysisISR/output/out_ttbar-80ISR_isronlyll_nev10000.dat
ttbar-80ISR_isronlyll_nev10000,clean,10,BDT 2000,273,5103.68,372.626,ttp_AnalysisISR/output/out_ttbar-80ISR_isronlyll_nev10000.dat
ttbar-80ISR_isronlyll_nev10000,clean,11,BDT 2400,216,4038.07,372.626,ttp_AnalysisISR/output/out_ttbar-80ISR_isronlyll_nev10000.dat
ttbar-80ISR_isronlyll_nev10000_ggbx1,overlay_bx1,0,All,9983,186630,372.626,ttp_AnalysisISR/output/out_ttbar-80ISR_isronlyll_nev10000_ggbx1.dat
ttbar-80ISR_isronlyll_nev10000_ggbx1,overlay_bx1,1,Fatjet,9625,179937,372.626,ttp_AnalysisISR/output/out_ttbar-80ISR_isronlyll_nev10000_ggbx1.dat
ttbar-80ISR_isronlyll_nev10000_ggbx1,overlay_bx1,2,top tagged,3640,68049,372.626,ttp_AnalysisISR/output/out_ttbar-80ISR_isronlyll_nev10000_ggbx1.dat
ttbar-80ISR_isronlyll_nev10000_ggbx1,overlay_bx1,3,subestructure cut,3188,59599,372.626,ttp_AnalysisISR/output/out_ttbar-80ISR_isronlyll_nev10000_ggbx1.dat
ttbar-80ISR_isronlyll_nev10000_ggbx1,overlay_bx1,4,Isolated,2584,48307.3,372.626,ttp_AnalysisISR/output/out_ttbar-80ISR_isronlyll_nev10000_ggbx1.dat
ttbar-80ISR_isronlyll_nev10000_ggbx1,overlay_bx1,5,M recoil > 1100,1183,22115.9,372.626,ttp_AnalysisISR/output/out_ttbar-80ISR_isronlyll_nev10000_ggbx1.dat
ttbar-80ISR_isronlyll_nev10000_ggbx1,overlay_bx1,6,Miss Energy < 1000,768,14357.6,372.626,ttp_AnalysisISR/output/out_ttbar-80ISR_isronlyll_nev10000_ggbx1.dat
ttbar-80ISR_isronlyll_nev10000_ggbx1,overlay_bx1,7,BDT ttbar,604,11291.7,372.626,ttp_AnalysisISR/output/out_ttbar-80ISR_isronlyll_nev10000_ggbx1.dat
ttbar-80ISR_isronlyll_nev10000_ggbx1,overlay_bx1,8,BDT 1200,574,10730.8,372.626,ttp_AnalysisISR/output/out_ttbar-80ISR_isronlyll_nev10000_ggbx1.dat
ttbar-80ISR_isronlyll_nev10000_ggbx1,overlay_bx1,9,BDT 1600,359,6711.43,372.626,ttp_AnalysisISR/output/out_ttbar-80ISR_isronlyll_nev10000_ggbx1.dat
ttbar-80ISR_isronlyll_nev10000_ggbx1,overlay_bx1,10,BDT 2000,275,5141.07,372.626,ttp_AnalysisISR/output/out_ttbar-80ISR_isronlyll_nev10000_ggbx1.dat
ttbar-80ISR_isronlyll_nev10000_ggbx1,overlay_bx1,11,BDT 2400,216,4038.07,372.626,ttp_AnalysisISR/output/out_ttbar-80ISR_isronlyll_nev10000_ggbx1.dat
ttbarISR_isronlyll_nev10000,clean,0,All,9976,143525,286.361,ttp_AnalysisISR/output/out_ttbarISR_isronlyll_nev10000.dat
ttbarISR_isronlyll_nev10000,clean,1,Fatjet,9613,138303,286.361,ttp_AnalysisISR/output/out_ttbarISR_isronlyll_nev10000.dat
ttbarISR_isronlyll_nev10000,clean,2,top tagged,3679,52929.9,286.361,ttp_AnalysisISR/output/out_ttbarISR_isronlyll_nev10000.dat
ttbarISR_isronlyll_nev10000,clean,3,subestructure cut,3229,46455.7,286.361,ttp_AnalysisISR/output/out_ttbarISR_isronlyll_nev10000.dat
ttbarISR_isronlyll_nev10000,clean,4,Isolated,2661,38283.9,286.361,ttp_AnalysisISR/output/out_ttbarISR_isronlyll_nev10000.dat
ttbarISR_isronlyll_nev10000,clean,5,M recoil > 1100,1200,17264.4,286.361,ttp_AnalysisISR/output/out_ttbarISR_isronlyll_nev10000.dat
ttbarISR_isronlyll_nev10000,clean,6,Miss Energy < 1000,759,10919.8,286.361,ttp_AnalysisISR/output/out_ttbarISR_isronlyll_nev10000.dat
ttbarISR_isronlyll_nev10000,clean,7,BDT ttbar,612,8804.87,286.361,ttp_AnalysisISR/output/out_ttbarISR_isronlyll_nev10000.dat
ttbarISR_isronlyll_nev10000,clean,8,BDT 1200,601,8646.61,286.361,ttp_AnalysisISR/output/out_ttbarISR_isronlyll_nev10000.dat
ttbarISR_isronlyll_nev10000,clean,9,BDT 1600,355,5107.4,286.361,ttp_AnalysisISR/output/out_ttbarISR_isronlyll_nev10000.dat
ttbarISR_isronlyll_nev10000,clean,10,BDT 2000,269,3870.11,286.361,ttp_AnalysisISR/output/out_ttbarISR_isronlyll_nev10000.dat
ttbarISR_isronlyll_nev10000,clean,11,BDT 2400,246,3539.21,286.361,ttp_AnalysisISR/output/out_ttbarISR_isronlyll_nev10000.dat
ttbarISR_isronlyll_nev10000_ggbx1,overlay_bx1,0,All,9976,143525,286.361,ttp_AnalysisISR/output/out_ttbarISR_isronlyll_nev10000_ggbx1.dat
ttbarISR_isronlyll_nev10000_ggbx1,overlay_bx1,1,Fatjet,9619,138389,286.361,ttp_AnalysisISR/output/out_ttbarISR_isronlyll_nev10000_ggbx1.dat
ttbarISR_isronlyll_nev10000_ggbx1,overlay_bx1,2,top tagged,3673,52843.6,286.361,ttp_AnalysisISR/output/out_ttbarISR_isronlyll_nev10000_ggbx1.dat
ttbarISR_isronlyll_nev10000_ggbx1,overlay_bx1,3,subestructure cut,3229,46455.7,286.361,ttp_AnalysisISR/output/out_ttbarISR_isronlyll_nev10000_ggbx1.dat
ttbarISR_isronlyll_nev10000_ggbx1,overlay_bx1,4,Isolated,2630,37837.9,286.361,ttp_AnalysisISR/output/out_ttbarISR_isronlyll_nev10000_ggbx1.dat
ttbarISR_isronlyll_nev10000_ggbx1,overlay_bx1,5,M recoil > 1100,1181,16991.1,286.361,ttp_AnalysisISR/output/out_ttbarISR_isronlyll_nev10000_ggbx1.dat
ttbarISR_isronlyll_nev10000_ggbx1,overlay_bx1,6,Miss Energy < 1000,746,10732.7,286.361,ttp_AnalysisISR/output/out_ttbarISR_isronlyll_nev10000_ggbx1.dat
ttbarISR_isronlyll_nev10000_ggbx1,overlay_bx1,7,BDT ttbar,594,8545.9,286.361,ttp_AnalysisISR/output/out_ttbarISR_isronlyll_nev10000_ggbx1.dat
ttbarISR_isronlyll_nev10000_ggbx1,overlay_bx1,8,BDT 1200,586,8430.8,286.361,ttp_AnalysisISR/output/out_ttbarISR_isronlyll_nev10000_ggbx1.dat
ttbarISR_isronlyll_nev10000_ggbx1,overlay_bx1,9,BDT 1600,354,5093.01,286.361,ttp_AnalysisISR/output/out_ttbarISR_isronlyll_nev10000_ggbx1.dat
ttbarISR_isronlyll_nev10000_ggbx1,overlay_bx1,10,BDT 2000,260,3740.63,286.361,ttp_AnalysisISR/output/out_ttbarISR_isronlyll_nev10000_ggbx1.dat
ttbarISR_isronlyll_nev10000_ggbx1,overlay_bx1,11,BDT 2400,238,3424.11,286.361,ttp_AnalysisISR/output/out_ttbarISR_isronlyll_nev10000_ggbx1.dat
ttbar_80ISR_isronlyll_nev10000,clean,0,All,9986,100400,200.519,ttp_AnalysisISR/output/out_ttbar_80ISR_isronlyll_nev10000.dat
ttbar_80ISR_isronlyll_nev10000,clean,1,Fatjet,9629,96810.7,200.519,ttp_AnalysisISR/output/out_ttbar_80ISR_isronlyll_nev10000.dat
ttbar_80ISR_isronlyll_nev10000,clean,2,top tagged,3616,36355.6,200.519,ttp_AnalysisISR/output/out_ttbar_80ISR_isronlyll_nev10000.dat
ttbar_80ISR_isronlyll_nev10000,clean,3,subestructure cut,3199,32163,200.519,ttp_AnalysisISR/output/out_ttbar_80ISR_isronlyll_nev10000.dat
ttbar_80ISR_isronlyll_nev10000,clean,4,Isolated,2659,26733.8,200.519,ttp_AnalysisISR/output/out_ttbar_80ISR_isronlyll_nev10000.dat
ttbar_80ISR_isronlyll_nev10000,clean,5,M recoil > 1100,1204,12105.1,200.519,ttp_AnalysisISR/output/out_ttbar_80ISR_isronlyll_nev10000.dat
ttbar_80ISR_isronlyll_nev10000,clean,6,Miss Energy < 1000,810,8143.8,200.519,ttp_AnalysisISR/output/out_ttbar_80ISR_isronlyll_nev10000.dat
ttbar_80ISR_isronlyll_nev10000,clean,7,BDT ttbar,668,6716.13,200.519,ttp_AnalysisISR/output/out_ttbar_80ISR_isronlyll_nev10000.dat
ttbar_80ISR_isronlyll_nev10000,clean,8,BDT 1200,630,6334.07,200.519,ttp_AnalysisISR/output/out_ttbar_80ISR_isronlyll_nev10000.dat
ttbar_80ISR_isronlyll_nev10000,clean,9,BDT 1600,393,3951.25,200.519,ttp_AnalysisISR/output/out_ttbar_80ISR_isronlyll_nev10000.dat
ttbar_80ISR_isronlyll_nev10000,clean,10,BDT 2000,310,3116.76,200.519,ttp_AnalysisISR/output/out_ttbar_80ISR_isronlyll_nev10000.dat
ttbar_80ISR_isronlyll_nev10000,clean,11,BDT 2400,276,2774.93,200.519,ttp_AnalysisISR/output/out_ttbar_80ISR_isronlyll_nev10000.dat
ttbar_80ISR_isronlyll_nev10000_ggbx1,overlay_bx1,0,All,9986,100400,200.519,ttp_AnalysisISR/output/out_ttbar_80ISR_isronlyll_nev10000_ggbx1.dat
ttbar_80ISR_isronlyll_nev10000_ggbx1,overlay_bx1,1,Fatjet,9631,96830.8,200.519,ttp_AnalysisISR/output/out_ttbar_80ISR_isronlyll_nev10000_ggbx1.dat
ttbar_80ISR_isronlyll_nev10000_ggbx1,overlay_bx1,2,top tagged,3610,36295.2,200.519,ttp_AnalysisISR/output/out_ttbar_80ISR_isronlyll_nev10000_ggbx1.dat
ttbar_80ISR_isronlyll_nev10000_ggbx1,overlay_bx1,3,subestructure cut,3193,32102.7,200.519,ttp_AnalysisISR/output/out_ttbar_80ISR_isronlyll_nev10000_ggbx1.dat
ttbar_80ISR_isronlyll_nev10000_ggbx1,overlay_bx1,4,Isolated,2628,26422.1,200.519,ttp_AnalysisISR/output/out_ttbar_80ISR_isronlyll_nev10000_ggbx1.dat
ttbar_80ISR_isronlyll_nev10000_ggbx1,overlay_bx1,5,M recoil > 1100,1193,11994.5,200.519,ttp_AnalysisISR/output/out_ttbar_80ISR_isronlyll_nev10000_ggbx1.dat
ttbar_80ISR_isronlyll_nev10000_ggbx1,overlay_bx1,6,Miss Energy < 1000,808,8123.7,200.519,ttp_AnalysisISR/output/out_ttbar_80ISR_isronlyll_nev10000_ggbx1.dat
ttbar_80ISR_isronlyll_nev10000_ggbx1,overlay_bx1,7,BDT ttbar,666,6696.02,200.519,ttp_AnalysisISR/output/out_ttbar_80ISR_isronlyll_nev10000_ggbx1.dat
ttbar_80ISR_isronlyll_nev10000_ggbx1,overlay_bx1,8,BDT 1200,632,6354.18,200.519,ttp_AnalysisISR/output/out_ttbar_80ISR_isronlyll_nev10000_ggbx1.dat
ttbar_80ISR_isronlyll_nev10000_ggbx1,overlay_bx1,9,BDT 1600,391,3931.15,200.519,ttp_AnalysisISR/output/out_ttbar_80ISR_isronlyll_nev10000_ggbx1.dat
ttbar_80ISR_isronlyll_nev10000_ggbx1,overlay_bx1,10,BDT 2000,313,3146.93,200.519,ttp_AnalysisISR/output/out_ttbar_80ISR_isronlyll_nev10000_ggbx1.dat
ttbar_80ISR_isronlyll_nev10000_ggbx1,overlay_bx1,11,BDT 2400,272,2734.71,200.519,ttp_AnalysisISR/output/out_ttbar_80ISR_isronlyll_nev10000_ggbx1.dat
tth-80ISR_isronlyll_nev10000,clean,0,All,10000,3304.95,6.6099,ttp_AnalysisISR/output/out_tth-80ISR_isronlyll_nev10000.dat
tth-80ISR_isronlyll_nev10000,clean,1,Fatjet,9936,3283.8,6.6099,ttp_AnalysisISR/output/out_tth-80ISR_isronlyll_nev10000.dat
tth-80ISR_isronlyll_nev10000,clean,2,top tagged,3009,994.46,6.6099,ttp_AnalysisISR/output/out_tth-80ISR_isronlyll_nev10000.dat
tth-80ISR_isronlyll_nev10000,clean,3,subestructure cut,2580,852.677,6.6099,ttp_AnalysisISR/output/out_tth-80ISR_isronlyll_nev10000.dat
tth-80ISR_isronlyll_nev10000,clean,4,Isolated,1714,566.469,6.6099,ttp_AnalysisISR/output/out_tth-80ISR_isronlyll_nev10000.dat
tth-80ISR_isronlyll_nev10000,clean,5,M recoil > 1100,1199,396.264,6.6099,ttp_AnalysisISR/output/out_tth-80ISR_isronlyll_nev10000.dat
tth-80ISR_isronlyll_nev10000,clean,6,Miss Energy < 1000,1008,333.139,6.6099,ttp_AnalysisISR/output/out_tth-80ISR_isronlyll_nev10000.dat
tth-80ISR_isronlyll_nev10000,clean,7,BDT ttbar,877,289.844,6.6099,ttp_AnalysisISR/output/out_tth-80ISR_isronlyll_nev10000.dat
tth-80ISR_isronlyll_nev10000,clean,8,BDT 1200,854,282.243,6.6099,ttp_AnalysisISR/output/out_tth-80ISR_isronlyll_nev10000.dat
tth-80ISR_isronlyll_nev10000,clean,9,BDT 1600,694,229.364,6.6099,ttp_AnalysisISR/output/out_tth-80ISR_isronlyll_nev10000.dat
tth-80ISR_isronlyll_nev10000,clean,10,BDT 2000,655,216.474,6.6099,ttp_AnalysisISR/output/out_tth-80ISR_isronlyll_nev10000.dat
tth-80ISR_isronlyll_nev10000,clean,11,BDT 2400,589,194.662,6.6099,ttp_AnalysisISR/output/out_tth-80ISR_isronlyll_nev10000.dat
tth-80ISR_isronlyll_nev10000_ggbx1,overlay_bx1,0,All,10000,3304.95,6.6099,ttp_AnalysisISR/output/out_tth-80ISR_isronlyll_nev10000_ggbx1.dat
tth-80ISR_isronlyll_nev10000_ggbx1,overlay_bx1,1,Fatjet,9937,3284.13,6.6099,ttp_AnalysisISR/output/out_tth-80ISR_isronlyll_nev10000_ggbx1.dat
tth-80ISR_isronlyll_nev10000_ggbx1,overlay_bx1,2,top tagged,3008,994.129,6.6099,ttp_AnalysisISR/output/out_tth-80ISR_isronlyll_nev10000_ggbx1.dat
tth-80ISR_isronlyll_nev10000_ggbx1,overlay_bx1,3,subestructure cut,2578,852.016,6.6099,ttp_AnalysisISR/output/out_tth-80ISR_isronlyll_nev10000_ggbx1.dat
tth-80ISR_isronlyll_nev10000_ggbx1,overlay_bx1,4,Isolated,1705,563.494,6.6099,ttp_AnalysisISR/output/out_tth-80ISR_isronlyll_nev10000_ggbx1.dat
tth-80ISR_isronlyll_nev10000_ggbx1,overlay_bx1,5,M recoil > 1100,1191,393.62,6.6099,ttp_AnalysisISR/output/out_tth-80ISR_isronlyll_nev10000_ggbx1.dat
tth-80ISR_isronlyll_nev10000_ggbx1,overlay_bx1,6,Miss Energy < 1000,1009,333.47,6.6099,ttp_AnalysisISR/output/out_tth-80ISR_isronlyll_nev10000_ggbx1.dat
tth-80ISR_isronlyll_nev10000_ggbx1,overlay_bx1,7,BDT ttbar,875,289.183,6.6099,ttp_AnalysisISR/output/out_tth-80ISR_isronlyll_nev10000_ggbx1.dat
tth-80ISR_isronlyll_nev10000_ggbx1,overlay_bx1,8,BDT 1200,852,281.582,6.6099,ttp_AnalysisISR/output/out_tth-80ISR_isronlyll_nev10000_ggbx1.dat
tth-80ISR_isronlyll_nev10000_ggbx1,overlay_bx1,9,BDT 1600,694,229.364,6.6099,ttp_AnalysisISR/output/out_tth-80ISR_isronlyll_nev10000_ggbx1.dat
tth-80ISR_isronlyll_nev10000_ggbx1,overlay_bx1,10,BDT 2000,658,217.466,6.6099,ttp_AnalysisISR/output/out_tth-80ISR_isronlyll_nev10000_ggbx1.dat
tth-80ISR_isronlyll_nev10000_ggbx1,overlay_bx1,11,BDT 2400,594,196.314,6.6099,ttp_AnalysisISR/output/out_tth-80ISR_isronlyll_nev10000_ggbx1.dat
tthISR_isronlyll_nev10000,clean,0,All,10000,2556.11,5.11221,ttp_AnalysisISR/output/out_tthISR_isronlyll_nev10000.dat
tthISR_isronlyll_nev10000,clean,1,Fatjet,9922,2536.17,5.11221,ttp_AnalysisISR/output/out_tthISR_isronlyll_nev10000.dat
tthISR_isronlyll_nev10000,clean,2,top tagged,2951,754.307,5.11221,ttp_AnalysisISR/output/out_tthISR_isronlyll_nev10000.dat
tthISR_isronlyll_nev10000,clean,3,subestructure cut,2480,633.914,5.11221,ttp_AnalysisISR/output/out_tthISR_isronlyll_nev10000.dat
tthISR_isronlyll_nev10000,clean,4,Isolated,1663,425.08,5.11221,ttp_AnalysisISR/output/out_tthISR_isronlyll_nev10000.dat
tthISR_isronlyll_nev10000,clean,5,M recoil > 1100,1156,295.486,5.11221,ttp_AnalysisISR/output/out_tthISR_isronlyll_nev10000.dat
tthISR_isronlyll_nev10000,clean,6,Miss Energy < 1000,941,240.53,5.11221,ttp_AnalysisISR/output/out_tthISR_isronlyll_nev10000.dat
tthISR_isronlyll_nev10000,clean,7,BDT ttbar,811,207.3,5.11221,ttp_AnalysisISR/output/out_tthISR_isronlyll_nev10000.dat
tthISR_isronlyll_nev10000,clean,8,BDT 1200,785,200.654,5.11221,ttp_AnalysisISR/output/out_tthISR_isronlyll_nev10000.dat
tthISR_isronlyll_nev10000,clean,9,BDT 1600,662,169.214,5.11221,ttp_AnalysisISR/output/out_tthISR_isronlyll_nev10000.dat
tthISR_isronlyll_nev10000,clean,10,BDT 2000,622,158.99,5.11221,ttp_AnalysisISR/output/out_tthISR_isronlyll_nev10000.dat
tthISR_isronlyll_nev10000,clean,11,BDT 2400,550,140.586,5.11221,ttp_AnalysisISR/output/out_tthISR_isronlyll_nev10000.dat
tthISR_isronlyll_nev10000_ggbx1,overlay_bx1,0,All,10000,2556.11,5.11221,ttp_AnalysisISR/output/out_tthISR_isronlyll_nev10000_ggbx1.dat
tthISR_isronlyll_nev10000_ggbx1,overlay_bx1,1,Fatjet,9922,2536.17,5.11221,ttp_AnalysisISR/output/out_tthISR_isronlyll_nev10000_ggbx1.dat
tthISR_isronlyll_nev10000_ggbx1,overlay_bx1,2,top tagged,2953,754.818,5.11221,ttp_AnalysisISR/output/out_tthISR_isronlyll_nev10000_ggbx1.dat
tthISR_isronlyll_nev10000_ggbx1,overlay_bx1,3,subestructure cut,2472,631.869,5.11221,ttp_AnalysisISR/output/out_tthISR_isronlyll_nev10000_ggbx1.dat
tthISR_isronlyll_nev10000_ggbx1,overlay_bx1,4,Isolated,1644,420.224,5.11221,ttp_AnalysisISR/output/out_tthISR_isronlyll_nev10000_ggbx1.dat
tthISR_isronlyll_nev10000_ggbx1,overlay_bx1,5,M recoil > 1100,1144,292.419,5.11221,ttp_AnalysisISR/output/out_tthISR_isronlyll_nev10000_ggbx1.dat
tthISR_isronlyll_nev10000_ggbx1,overlay_bx1,6,Miss Energy < 1000,939,240.018,5.11221,ttp_AnalysisISR/output/out_tthISR_isronlyll_nev10000_ggbx1.dat
tthISR_isronlyll_nev10000_ggbx1,overlay_bx1,7,BDT ttbar,807,206.278,5.11221,ttp_AnalysisISR/output/out_tthISR_isronlyll_nev10000_ggbx1.dat
tthISR_isronlyll_nev10000_ggbx1,overlay_bx1,8,BDT 1200,779,199.121,5.11221,ttp_AnalysisISR/output/out_tthISR_isronlyll_nev10000_ggbx1.dat
tthISR_isronlyll_nev10000_ggbx1,overlay_bx1,9,BDT 1600,655,167.425,5.11221,ttp_AnalysisISR/output/out_tthISR_isronlyll_nev10000_ggbx1.dat
tthISR_isronlyll_nev10000_ggbx1,overlay_bx1,10,BDT 2000,621,158.734,5.11221,ttp_AnalysisISR/output/out_tthISR_isronlyll_nev10000_ggbx1.dat
tthISR_isronlyll_nev10000_ggbx1,overlay_bx1,11,BDT 2400,553,141.353,5.11221,ttp_AnalysisISR/output/out_tthISR_isronlyll_nev10000_ggbx1.dat
tth_80ISR_isronlyll_nev10000,clean,0,All,10000,1804.4,3.6088,ttp_AnalysisISR/output/out_tth_80ISR_isronlyll_nev10000.dat
tth_80ISR_isronlyll_nev10000,clean,1,Fatjet,9922,1790.33,3.6088,ttp_AnalysisISR/output/out_tth_80ISR_isronlyll_nev10000.dat
tth_80ISR_isronlyll_nev10000,clean,2,top tagged,2919,526.705,3.6088,ttp_AnalysisISR/output/out_tth_80ISR_isronlyll_nev10000.dat
tth_80ISR_isronlyll_nev10000,clean,3,subestructure cut,2463,444.424,3.6088,ttp_AnalysisISR/output/out_tth_80ISR_isronlyll_nev10000.dat
tth_80ISR_isronlyll_nev10000,clean,4,Isolated,1666,300.613,3.6088,ttp_AnalysisISR/output/out_tth_80ISR_isronlyll_nev10000.dat
tth_80ISR_isronlyll_nev10000,clean,5,M recoil > 1100,1191,214.904,3.6088,ttp_AnalysisISR/output/out_tth_80ISR_isronlyll_nev10000.dat
tth_80ISR_isronlyll_nev10000,clean,6,Miss Energy < 1000,998,180.079,3.6088,ttp_AnalysisISR/output/out_tth_80ISR_isronlyll_nev10000.dat
tth_80ISR_isronlyll_nev10000,clean,7,BDT ttbar,857,154.637,3.6088,ttp_AnalysisISR/output/out_tth_80ISR_isronlyll_nev10000.dat
tth_80ISR_isronlyll_nev10000,clean,8,BDT 1200,831,149.946,3.6088,ttp_AnalysisISR/output/out_tth_80ISR_isronlyll_nev10000.dat
tth_80ISR_isronlyll_nev10000,clean,9,BDT 1600,689,124.323,3.6088,ttp_AnalysisISR/output/out_tth_80ISR_isronlyll_nev10000.dat
tth_80ISR_isronlyll_nev10000,clean,10,BDT 2000,656,118.369,3.6088,ttp_AnalysisISR/output/out_tth_80ISR_isronlyll_nev10000.dat
tth_80ISR_isronlyll_nev10000,clean,11,BDT 2400,581,104.836,3.6088,ttp_AnalysisISR/output/out_tth_80ISR_isronlyll_nev10000.dat
tth_80ISR_isronlyll_nev10000_ggbx1,overlay_bx1,0,All,10000,1804.4,3.6088,ttp_AnalysisISR/output/out_tth_80ISR_isronlyll_nev10000_ggbx1.dat
tth_80ISR_isronlyll_nev10000_ggbx1,overlay_bx1,1,Fatjet,9924,1790.69,3.6088,ttp_AnalysisISR/output/out_tth_80ISR_isronlyll_nev10000_ggbx1.dat
tth_80ISR_isronlyll_nev10000_ggbx1,overlay_bx1,2,top tagged,2911,525.261,3.6088,ttp_AnalysisISR/output/out_tth_80ISR_isronlyll_nev10000_ggbx1.dat
tth_80ISR_isronlyll_nev10000_ggbx1,overlay_bx1,3,subestructure cut,2456,443.161,3.6088,ttp_AnalysisISR/output/out_tth_80ISR_isronlyll_nev10000_ggbx1.dat
tth_80ISR_isronlyll_nev10000_ggbx1,overlay_bx1,4,Isolated,1646,297.004,3.6088,ttp_AnalysisISR/output/out_tth_80ISR_isronlyll_nev10000_ggbx1.dat
tth_80ISR_isronlyll_nev10000_ggbx1,overlay_bx1,5,M recoil > 1100,1175,212.017,3.6088,ttp_AnalysisISR/output/out_tth_80ISR_isronlyll_nev10000_ggbx1.dat
tth_80ISR_isronlyll_nev10000_ggbx1,overlay_bx1,6,Miss Energy < 1000,986,177.914,3.6088,ttp_AnalysisISR/output/out_tth_80ISR_isronlyll_nev10000_ggbx1.dat
tth_80ISR_isronlyll_nev10000_ggbx1,overlay_bx1,7,BDT ttbar,849,153.194,3.6088,ttp_AnalysisISR/output/out_tth_80ISR_isronlyll_nev10000_ggbx1.dat
tth_80ISR_isronlyll_nev10000_ggbx1,overlay_bx1,8,BDT 1200,820,147.961,3.6088,ttp_AnalysisISR/output/out_tth_80ISR_isronlyll_nev10000_ggbx1.dat
tth_80ISR_isronlyll_nev10000_ggbx1,overlay_bx1,9,BDT 1600,687,123.962,3.6088,ttp_AnalysisISR/output/out_tth_80ISR_isronlyll_nev10000_ggbx1.dat
tth_80ISR_isronlyll_nev10000_ggbx1,overlay_bx1,10,BDT 2000,650,117.286,3.6088,ttp_AnalysisISR/output/out_tth_80ISR_isronlyll_nev10000_ggbx1.dat
tth_80ISR_isronlyll_nev10000_ggbx1,overlay_bx1,11,BDT 2400,576,103.933,3.6088,ttp_AnalysisISR/output/out_tth_80ISR_isronlyll_nev10000_ggbx1.dat
ttz-80ISR_isronlyll_nev10000,clean,0,All,9999,13786.1,27.5694,ttp_AnalysisISR/output/out_ttz-80ISR_isronlyll_nev10000.dat
ttz-80ISR_isronlyll_nev10000,clean,1,Fatjet,9748,13440,27.5694,ttp_AnalysisISR/output/out_ttz-80ISR_isronlyll_nev10000.dat
ttz-80ISR_isronlyll_nev10000,clean,2,top tagged,2970,4094.88,27.5694,ttp_AnalysisISR/output/out_ttz-80ISR_isronlyll_nev10000.dat
ttz-80ISR_isronlyll_nev10000,clean,3,subestructure cut,2503,3451.01,27.5694,ttp_AnalysisISR/output/out_ttz-80ISR_isronlyll_nev10000.dat
ttz-80ISR_isronlyll_nev10000,clean,4,Isolated,1700,2343.87,27.5694,ttp_AnalysisISR/output/out_ttz-80ISR_isronlyll_nev10000.dat
ttz-80ISR_isronlyll_nev10000,clean,5,M recoil > 1100,1313,1810.3,27.5694,ttp_AnalysisISR/output/out_ttz-80ISR_isronlyll_nev10000.dat
ttz-80ISR_isronlyll_nev10000,clean,6,Miss Energy < 1000,999,1377.37,27.5694,ttp_AnalysisISR/output/out_ttz-80ISR_isronlyll_nev10000.dat
ttz-80ISR_isronlyll_nev10000,clean,7,BDT ttbar,867,1195.37,27.5694,ttp_AnalysisISR/output/out_ttz-80ISR_isronlyll_nev10000.dat
ttz-80ISR_isronlyll_nev10000,clean,8,BDT 1200,837,1154.01,27.5694,ttp_AnalysisISR/output/out_ttz-80ISR_isronlyll_nev10000.dat
ttz-80ISR_isronlyll_nev10000,clean,9,BDT 1600,625,861.718,27.5694,ttp_AnalysisISR/output/out_ttz-80ISR_isronlyll_nev10000.dat
ttz-80ISR_isronlyll_nev10000,clean,10,BDT 2000,534,736.252,27.5694,ttp_AnalysisISR/output/out_ttz-80ISR_isronlyll_nev10000.dat
ttz-80ISR_isronlyll_nev10000,clean,11,BDT 2400,484,667.314,27.5694,ttp_AnalysisISR/output/out_ttz-80ISR_isronlyll_nev10000.dat
ttz-80ISR_isronlyll_nev10000_ggbx1,overlay_bx1,0,All,9999,13786.1,27.5694,ttp_AnalysisISR/output/out_ttz-80ISR_isronlyll_nev10000_ggbx1.dat
ttz-80ISR_isronlyll_nev10000_ggbx1,overlay_bx1,1,Fatjet,9748,13440,27.5694,ttp_AnalysisISR/output/out_ttz-80ISR_isronlyll_nev10000_ggbx1.dat
ttz-80ISR_isronlyll_nev10000_ggbx1,overlay_bx1,2,top tagged,2965,4087.99,27.5694,ttp_AnalysisISR/output/out_ttz-80ISR_isronlyll_nev10000_ggbx1.dat
ttz-80ISR_isronlyll_nev10000_ggbx1,overlay_bx1,3,subestructure cut,2490,3433.08,27.5694,ttp_AnalysisISR/output/out_ttz-80ISR_isronlyll_nev10000_ggbx1.dat
ttz-80ISR_isronlyll_nev10000_ggbx1,overlay_bx1,4,Isolated,1681,2317.68,27.5694,ttp_AnalysisISR/output/out_ttz-80ISR_isronlyll_nev10000_ggbx1.dat
ttz-80ISR_isronlyll_nev10000_ggbx1,overlay_bx1,5,M recoil > 1100,1301,1793.75,27.5694,ttp_AnalysisISR/output/out_ttz-80ISR_isronlyll_nev10000_ggbx1.dat
ttz-80ISR_isronlyll_nev10000_ggbx1,overlay_bx1,6,Miss Energy < 1000,995,1371.85,27.5694,ttp_AnalysisISR/output/out_ttz-80ISR_isronlyll_nev10000_ggbx1.dat
ttz-80ISR_isronlyll_nev10000_ggbx1,overlay_bx1,7,BDT ttbar,863,1189.86,27.5694,ttp_AnalysisISR/output/out_ttz-80ISR_isronlyll_nev10000_ggbx1.dat
ttz-80ISR_isronlyll_nev10000_ggbx1,overlay_bx1,8,BDT 1200,833,1148.5,27.5694,ttp_AnalysisISR/output/out_ttz-80ISR_isronlyll_nev10000_ggbx1.dat
ttz-80ISR_isronlyll_nev10000_ggbx1,overlay_bx1,9,BDT 1600,618,852.066,27.5694,ttp_AnalysisISR/output/out_ttz-80ISR_isronlyll_nev10000_ggbx1.dat
ttz-80ISR_isronlyll_nev10000_ggbx1,overlay_bx1,10,BDT 2000,535,737.63,27.5694,ttp_AnalysisISR/output/out_ttz-80ISR_isronlyll_nev10000_ggbx1.dat
ttz-80ISR_isronlyll_nev10000_ggbx1,overlay_bx1,11,BDT 2400,479,660.42,27.5694,ttp_AnalysisISR/output/out_ttz-80ISR_isronlyll_nev10000_ggbx1.dat
ttzISR_isronlyll_nev10000,clean,0,All,10000,9423.7,18.8474,ttp_AnalysisISR/output/out_ttzISR_isronlyll_nev10000.dat
ttzISR_isronlyll_nev10000,clean,1,Fatjet,9722,9161.72,18.8474,ttp_AnalysisISR/output/out_ttzISR_isronlyll_nev10000.dat
ttzISR_isronlyll_nev10000,clean,2,top tagged,3044,2868.57,18.8474,ttp_AnalysisISR/output/out_ttzISR_isronlyll_nev10000.dat
ttzISR_isronlyll_nev10000,clean,3,subestructure cut,2551,2403.99,18.8474,ttp_AnalysisISR/output/out_ttzISR_isronlyll_nev10000.dat
ttzISR_isronlyll_nev10000,clean,4,Isolated,1709,1610.51,18.8474,ttp_AnalysisISR/output/out_ttzISR_isronlyll_nev10000.dat
ttzISR_isronlyll_nev10000,clean,5,M recoil > 1100,1304,1228.85,18.8474,ttp_AnalysisISR/output/out_ttzISR_isronlyll_nev10000.dat
ttzISR_isronlyll_nev10000,clean,6,Miss Energy < 1000,986,929.177,18.8474,ttp_AnalysisISR/output/out_ttzISR_isronlyll_nev10000.dat
ttzISR_isronlyll_nev10000,clean,7,BDT ttbar,858,808.553,18.8474,ttp_AnalysisISR/output/out_ttzISR_isronlyll_nev10000.dat
ttzISR_isronlyll_nev10000,clean,8,BDT 1200,836,787.821,18.8474,ttp_AnalysisISR/output/out_ttzISR_isronlyll_nev10000.dat
ttzISR_isronlyll_nev10000,clean,9,BDT 1600,646,608.771,18.8474,ttp_AnalysisISR/output/out_ttzISR_isronlyll_nev10000.dat
ttzISR_isronlyll_nev10000,clean,10,BDT 2000,588,554.113,18.8474,ttp_AnalysisISR/output/out_ttzISR_isronlyll_nev10000.dat
ttzISR_isronlyll_nev10000,clean,11,BDT 2400,504,474.954,18.8474,ttp_AnalysisISR/output/out_ttzISR_isronlyll_nev10000.dat
ttzISR_isronlyll_nev10000_ggbx1,overlay_bx1,0,All,10000,9423.7,18.8474,ttp_AnalysisISR/output/out_ttzISR_isronlyll_nev10000_ggbx1.dat
ttzISR_isronlyll_nev10000_ggbx1,overlay_bx1,1,Fatjet,9722,9161.72,18.8474,ttp_AnalysisISR/output/out_ttzISR_isronlyll_nev10000_ggbx1.dat
ttzISR_isronlyll_nev10000_ggbx1,overlay_bx1,2,top tagged,3052,2876.11,18.8474,ttp_AnalysisISR/output/out_ttzISR_isronlyll_nev10000_ggbx1.dat
ttzISR_isronlyll_nev10000_ggbx1,overlay_bx1,3,subestructure cut,2552,2404.93,18.8474,ttp_AnalysisISR/output/out_ttzISR_isronlyll_nev10000_ggbx1.dat
ttzISR_isronlyll_nev10000_ggbx1,overlay_bx1,4,Isolated,1699,1601.09,18.8474,ttp_AnalysisISR/output/out_ttzISR_isronlyll_nev10000_ggbx1.dat
ttzISR_isronlyll_nev10000_ggbx1,overlay_bx1,5,M recoil > 1100,1290,1215.66,18.8474,ttp_AnalysisISR/output/out_ttzISR_isronlyll_nev10000_ggbx1.dat
ttzISR_isronlyll_nev10000_ggbx1,overlay_bx1,6,Miss Energy < 1000,991,933.889,18.8474,ttp_AnalysisISR/output/out_ttzISR_isronlyll_nev10000_ggbx1.dat
ttzISR_isronlyll_nev10000_ggbx1,overlay_bx1,7,BDT ttbar,860,810.438,18.8474,ttp_AnalysisISR/output/out_ttzISR_isronlyll_nev10000_ggbx1.dat
ttzISR_isronlyll_nev10000_ggbx1,overlay_bx1,8,BDT 1200,836,787.821,18.8474,ttp_AnalysisISR/output/out_ttzISR_isronlyll_nev10000_ggbx1.dat
ttzISR_isronlyll_nev10000_ggbx1,overlay_bx1,9,BDT 1600,644,606.886,18.8474,ttp_AnalysisISR/output/out_ttzISR_isronlyll_nev10000_ggbx1.dat
ttzISR_isronlyll_nev10000_ggbx1,overlay_bx1,10,BDT 2000,592,557.883,18.8474,ttp_AnalysisISR/output/out_ttzISR_isronlyll_nev10000_ggbx1.dat
ttzISR_isronlyll_nev10000_ggbx1,overlay_bx1,11,BDT 2400,505,475.897,18.8474,ttp_AnalysisISR/output/out_ttzISR_isronlyll_nev10000_ggbx1.dat
ttz_80ISR_isronlyll_nev10000,clean,0,All,10000,5031.54,10.0631,ttp_AnalysisISR/output/out_ttz_80ISR_isronlyll_nev10000.dat
ttz_80ISR_isronlyll_nev10000,clean,1,Fatjet,9708,4884.62,10.0631,ttp_AnalysisISR/output/out_ttz_80ISR_isronlyll_nev10000.dat
ttz_80ISR_isronlyll_nev10000,clean,2,top tagged,2924,1471.22,10.0631,ttp_AnalysisISR/output/out_ttz_80ISR_isronlyll_nev10000.dat
ttz_80ISR_isronlyll_nev10000,clean,3,subestructure cut,2412,1213.61,10.0631,ttp_AnalysisISR/output/out_ttz_80ISR_isronlyll_nev10000.dat
ttz_80ISR_isronlyll_nev10000,clean,4,Isolated,1602,806.054,10.0631,ttp_AnalysisISR/output/out_ttz_80ISR_isronlyll_nev10000.dat
ttz_80ISR_isronlyll_nev10000,clean,5,M recoil > 1100,1240,623.912,10.0631,ttp_AnalysisISR/output/out_ttz_80ISR_isronlyll_nev10000.dat
ttz_80ISR_isronlyll_nev10000,clean,6,Miss Energy < 1000,940,472.965,10.0631,ttp_AnalysisISR/output/out_ttz_80ISR_isronlyll_nev10000.dat
ttz_80ISR_isronlyll_nev10000,clean,7,BDT ttbar,813,409.065,10.0631,ttp_AnalysisISR/output/out_ttz_80ISR_isronlyll_nev10000.dat
ttz_80ISR_isronlyll_nev10000,clean,8,BDT 1200,780,392.461,10.0631,ttp_AnalysisISR/output/out_ttz_80ISR_isronlyll_nev10000.dat
ttz_80ISR_isronlyll_nev10000,clean,9,BDT 1600,595,299.377,10.0631,ttp_AnalysisISR/output/out_ttz_80ISR_isronlyll_nev10000.dat
ttz_80ISR_isronlyll_nev10000,clean,10,BDT 2000,567,285.289,10.0631,ttp_AnalysisISR/output/out_ttz_80ISR_isronlyll_nev10000.dat
ttz_80ISR_isronlyll_nev10000,clean,11,BDT 2400,491,247.049,10.0631,ttp_AnalysisISR/output/out_ttz_80ISR_isronlyll_nev10000.dat
ttz_80ISR_isronlyll_nev10000_ggbx1,overlay_bx1,0,All,10000,5031.54,10.0631,ttp_AnalysisISR/output/out_ttz_80ISR_isronlyll_nev10000_ggbx1.dat
ttz_80ISR_isronlyll_nev10000_ggbx1,overlay_bx1,1,Fatjet,9711,4886.13,10.0631,ttp_AnalysisISR/output/out_ttz_80ISR_isronlyll_nev10000_ggbx1.dat
ttz_80ISR_isronlyll_nev10000_ggbx1,overlay_bx1,2,top tagged,2921,1469.71,10.0631,ttp_AnalysisISR/output/out_ttz_80ISR_isronlyll_nev10000_ggbx1.dat
ttz_80ISR_isronlyll_nev10000_ggbx1,overlay_bx1,3,subestructure cut,2403,1209.08,10.0631,ttp_AnalysisISR/output/out_ttz_80ISR_isronlyll_nev10000_ggbx1.dat
ttz_80ISR_isronlyll_nev10000_ggbx1,overlay_bx1,4,Isolated,1590,800.016,10.0631,ttp_AnalysisISR/output/out_ttz_80ISR_isronlyll_nev10000_ggbx1.dat
ttz_80ISR_isronlyll_nev10000_ggbx1,overlay_bx1,5,M recoil > 1100,1234,620.893,10.0631,ttp_AnalysisISR/output/out_ttz_80ISR_isronlyll_nev10000_ggbx1.dat
ttz_80ISR_isronlyll_nev10000_ggbx1,overlay_bx1,6,Miss Energy < 1000,946,475.984,10.0631,ttp_AnalysisISR/output/out_ttz_80ISR_isronlyll_nev10000_ggbx1.dat
ttz_80ISR_isronlyll_nev10000_ggbx1,overlay_bx1,7,BDT ttbar,818,411.58,10.0631,ttp_AnalysisISR/output/out_ttz_80ISR_isronlyll_nev10000_ggbx1.dat
ttz_80ISR_isronlyll_nev10000_ggbx1,overlay_bx1,8,BDT 1200,785,394.976,10.0631,ttp_AnalysisISR/output/out_ttz_80ISR_isronlyll_nev10000_ggbx1.dat
ttz_80ISR_isronlyll_nev10000_ggbx1,overlay_bx1,9,BDT 1600,594,298.874,10.0631,ttp_AnalysisISR/output/out_ttz_80ISR_isronlyll_nev10000_ggbx1.dat
ttz_80ISR_isronlyll_nev10000_ggbx1,overlay_bx1,10,BDT 2000,571,287.301,10.0631,ttp_AnalysisISR/output/out_ttz_80ISR_isronlyll_nev10000_ggbx1.dat
ttz_80ISR_isronlyll_nev10000_ggbx1,overlay_bx1,11,BDT 2400,498,250.571,10.0631,ttp_AnalysisISR/output/out_ttz_80ISR_isronlyll_nev10000_ggbx1.dat
w_w-z-80ISR_isronlyll_nev10000,clean,0,All,9998,319314,638.501,ttp_AnalysisISR/output/out_w_w-z-80ISR_isronlyll_nev10000.dat
w_w-z-80ISR_isronlyll_nev10000,clean,1,Fatjet,7657,244548,638.501,ttp_AnalysisISR/output/out_w_w-z-80ISR_isronlyll_nev10000.dat
w_w-z-80ISR_isronlyll_nev10000,clean,2,top tagged,152,4854.55,638.501,ttp_AnalysisISR/output/out_w_w-z-80ISR_isronlyll_nev10000.dat
w_w-z-80ISR_isronlyll_nev10000,clean,3,subestructure cut,19,606.819,638.501,ttp_AnalysisISR/output/out_w_w-z-80ISR_isronlyll_nev10000.dat
w_w-z-80ISR_isronlyll_nev10000,clean,4,Isolated,17,542.943,638.501,ttp_AnalysisISR/output/out_w_w-z-80ISR_isronlyll_nev10000.dat
w_w-z-80ISR_isronlyll_nev10000,clean,5,M recoil > 1100,10,319.378,638.501,ttp_AnalysisISR/output/out_w_w-z-80ISR_isronlyll_nev10000.dat
w_w-z-80ISR_isronlyll_nev10000,clean,6,Miss Energy < 1000,6,191.627,638.501,ttp_AnalysisISR/output/out_w_w-z-80ISR_isronlyll_nev10000.dat
w_w-z-80ISR_isronlyll_nev10000,clean,7,BDT ttbar,5,159.689,638.501,ttp_AnalysisISR/output/out_w_w-z-80ISR_isronlyll_nev10000.dat
w_w-z-80ISR_isronlyll_nev10000,clean,8,BDT 1200,5,159.689,638.501,ttp_AnalysisISR/output/out_w_w-z-80ISR_isronlyll_nev10000.dat
w_w-z-80ISR_isronlyll_nev10000,clean,9,BDT 1600,2,63.8756,638.501,ttp_AnalysisISR/output/out_w_w-z-80ISR_isronlyll_nev10000.dat
w_w-z-80ISR_isronlyll_nev10000,clean,10,BDT 2000,3,95.8135,638.501,ttp_AnalysisISR/output/out_w_w-z-80ISR_isronlyll_nev10000.dat
w_w-z-80ISR_isronlyll_nev10000,clean,11,BDT 2400,2,63.8756,638.501,ttp_AnalysisISR/output/out_w_w-z-80ISR_isronlyll_nev10000.dat
w_w-z-80ISR_isronlyll_nev10000_ggbx1,overlay_bx1,0,All,9998,319314,638.501,ttp_AnalysisISR/output/out_w_w-z-80ISR_isronlyll_nev10000_ggbx1.dat
w_w-z-80ISR_isronlyll_nev10000_ggbx1,overlay_bx1,1,Fatjet,7668,244899,638.501,ttp_AnalysisISR/output/out_w_w-z-80ISR_isronlyll_nev10000_ggbx1.dat
w_w-z-80ISR_isronlyll_nev10000_ggbx1,overlay_bx1,2,top tagged,156,4982.3,638.501,ttp_AnalysisISR/output/out_w_w-z-80ISR_isronlyll_nev10000_ggbx1.dat
w_w-z-80ISR_isronlyll_nev10000_ggbx1,overlay_bx1,3,subestructure cut,19,606.819,638.501,ttp_AnalysisISR/output/out_w_w-z-80ISR_isronlyll_nev10000_ggbx1.dat
w_w-z-80ISR_isronlyll_nev10000_ggbx1,overlay_bx1,4,Isolated,16,511.005,638.501,ttp_AnalysisISR/output/out_w_w-z-80ISR_isronlyll_nev10000_ggbx1.dat
w_w-z-80ISR_isronlyll_nev10000_ggbx1,overlay_bx1,5,M recoil > 1100,11,351.316,638.501,ttp_AnalysisISR/output/out_w_w-z-80ISR_isronlyll_nev10000_ggbx1.dat
w_w-z-80ISR_isronlyll_nev10000_ggbx1,overlay_bx1,6,Miss Energy < 1000,8,255.503,638.501,ttp_AnalysisISR/output/out_w_w-z-80ISR_isronlyll_nev10000_ggbx1.dat
w_w-z-80ISR_isronlyll_nev10000_ggbx1,overlay_bx1,7,BDT ttbar,7,223.565,638.501,ttp_AnalysisISR/output/out_w_w-z-80ISR_isronlyll_nev10000_ggbx1.dat
w_w-z-80ISR_isronlyll_nev10000_ggbx1,overlay_bx1,8,BDT 1200,7,223.565,638.501,ttp_AnalysisISR/output/out_w_w-z-80ISR_isronlyll_nev10000_ggbx1.dat
w_w-z-80ISR_isronlyll_nev10000_ggbx1,overlay_bx1,9,BDT 1600,2,63.8756,638.501,ttp_AnalysisISR/output/out_w_w-z-80ISR_isronlyll_nev10000_ggbx1.dat
w_w-z-80ISR_isronlyll_nev10000_ggbx1,overlay_bx1,10,BDT 2000,3,95.8135,638.501,ttp_AnalysisISR/output/out_w_w-z-80ISR_isronlyll_nev10000_ggbx1.dat
w_w-z-80ISR_isronlyll_nev10000_ggbx1,overlay_bx1,11,BDT 2400,2,63.8756,638.501,ttp_AnalysisISR/output/out_w_w-z-80ISR_isronlyll_nev10000_ggbx1.dat
w_w-zISR_isronlyll_nev10000,clean,0,All,10000,177466,354.933,ttp_AnalysisISR/output/out_w_w-zISR_isronlyll_nev10000.dat
w_w-zISR_isronlyll_nev10000,clean,1,Fatjet,7645,135673,354.933,ttp_AnalysisISR/output/out_w_w-zISR_isronlyll_nev10000.dat
w_w-zISR_isronlyll_nev10000,clean,2,top tagged,165,2928.2,354.933,ttp_AnalysisISR/output/out_w_w-zISR_isronlyll_nev10000.dat
w_w-zISR_isronlyll_nev10000,clean,3,subestructure cut,20,354.933,354.933,ttp_AnalysisISR/output/out_w_w-zISR_isronlyll_nev10000.dat
w_w-zISR_isronlyll_nev10000,clean,4,Isolated,20,354.933,354.933,ttp_AnalysisISR/output/out_w_w-zISR_isronlyll_nev10000.dat
w_w-zISR_isronlyll_nev10000,clean,5,M recoil > 1100,11,195.213,354.933,ttp_AnalysisISR/output/out_w_w-zISR_isronlyll_nev10000.dat
w_w-zISR_isronlyll_nev10000,clean,6,Miss Energy < 1000,7,124.227,354.933,ttp_AnalysisISR/output/out_w_w-zISR_isronlyll_nev10000.dat
w_w-zISR_isronlyll_nev10000,clean,7,BDT ttbar,6,106.48,354.933,ttp_AnalysisISR/output/out_w_w-zISR_isronlyll_nev10000.dat
w_w-zISR_isronlyll_nev10000,clean,8,BDT 1200,4,70.9866,354.933,ttp_AnalysisISR/output/out_w_w-zISR_isronlyll_nev10000.dat
w_w-zISR_isronlyll_nev10000,clean,9,BDT 1600,2,35.4933,354.933,ttp_AnalysisISR/output/out_w_w-zISR_isronlyll_nev10000.dat
w_w-zISR_isronlyll_nev10000,clean,10,BDT 2000,2,35.4933,354.933,ttp_AnalysisISR/output/out_w_w-zISR_isronlyll_nev10000.dat
w_w-zISR_isronlyll_nev10000,clean,11,BDT 2400,1,17.7466,354.933,ttp_AnalysisISR/output/out_w_w-zISR_isronlyll_nev10000.dat
w_w-zISR_isronlyll_nev10000_ggbx1,overlay_bx1,0,All,10000,177466,354.933,ttp_AnalysisISR/output/out_w_w-zISR_isronlyll_nev10000_ggbx1.dat
w_w-zISR_isronlyll_nev10000_ggbx1,overlay_bx1,1,Fatjet,7656,135868,354.933,ttp_AnalysisISR/output/out_w_w-zISR_isronlyll_nev10000_ggbx1.dat
w_w-zISR_isronlyll_nev10000_ggbx1,overlay_bx1,2,top tagged,163,2892.7,354.933,ttp_AnalysisISR/output/out_w_w-zISR_isronlyll_nev10000_ggbx1.dat
w_w-zISR_isronlyll_nev10000_ggbx1,overlay_bx1,3,subestructure cut,19,337.186,354.933,ttp_AnalysisISR/output/out_w_w-zISR_isronlyll_nev10000_ggbx1.dat
w_w-zISR_isronlyll_nev10000_ggbx1,overlay_bx1,4,Isolated,19,337.186,354.933,ttp_AnalysisISR/output/out_w_w-zISR_isronlyll_nev10000_ggbx1.dat
w_w-zISR_isronlyll_nev10000_ggbx1,overlay_bx1,5,M recoil > 1100,10,177.466,354.933,ttp_AnalysisISR/output/out_w_w-zISR_isronlyll_nev10000_ggbx1.dat
w_w-zISR_isronlyll_nev10000_ggbx1,overlay_bx1,6,Miss Energy < 1000,7,124.227,354.933,ttp_AnalysisISR/output/out_w_w-zISR_isronlyll_nev10000_ggbx1.dat
w_w-zISR_isronlyll_nev10000_ggbx1,overlay_bx1,7,BDT ttbar,6,106.48,354.933,ttp_AnalysisISR/output/out_w_w-zISR_isronlyll_nev10000_ggbx1.dat
w_w-zISR_isronlyll_nev10000_ggbx1,overlay_bx1,8,BDT 1200,3,53.2399,354.933,ttp_AnalysisISR/output/out_w_w-zISR_isronlyll_nev10000_ggbx1.dat
w_w-zISR_isronlyll_nev10000_ggbx1,overlay_bx1,9,BDT 1600,2,35.4933,354.933,ttp_AnalysisISR/output/out_w_w-zISR_isronlyll_nev10000_ggbx1.dat
w_w-zISR_isronlyll_nev10000_ggbx1,overlay_bx1,10,BDT 2000,2,35.4933,354.933,ttp_AnalysisISR/output/out_w_w-zISR_isronlyll_nev10000_ggbx1.dat
w_w-zISR_isronlyll_nev10000_ggbx1,overlay_bx1,11,BDT 2400,1,17.7466,354.933,ttp_AnalysisISR/output/out_w_w-zISR_isronlyll_nev10000_ggbx1.dat
w_w-z_80ISR_isronlyll_nev10000,clean,0,All,9998,36364.4,72.7142,ttp_AnalysisISR/output/out_w_w-z_80ISR_isronlyll_nev10000.dat
w_w-z_80ISR_isronlyll_nev10000,clean,1,Fatjet,7620,27715.2,72.7142,ttp_AnalysisISR/output/out_w_w-z_80ISR_isronlyll_nev10000.dat
w_w-z_80ISR_isronlyll_nev10000,clean,2,top tagged,150,545.575,72.7142,ttp_AnalysisISR/output/out_w_w-z_80ISR_isronlyll_nev10000.dat
w_w-z_80ISR_isronlyll_nev10000,clean,3,subestructure cut,17,61.8318,72.7142,ttp_AnalysisISR/output/out_w_w-z_80ISR_isronlyll_nev10000.dat
w_w-z_80ISR_isronlyll_nev10000,clean,4,Isolated,13,47.2831,72.7142,ttp_AnalysisISR/output/out_w_w-z_80ISR_isronlyll_nev10000.dat
w_w-z_80ISR_isronlyll_nev10000,clean,5,M recoil > 1100,6,21.823,72.7142,ttp_AnalysisISR/output/out_w_w-z_80ISR_isronlyll_nev10000.dat
w_w-z_80ISR_isronlyll_nev10000,clean,6,Miss Energy < 1000,4,14.5487,72.7142,ttp_AnalysisISR/output/out_w_w-z_80ISR_isronlyll_nev10000.dat
w_w-z_80ISR_isronlyll_nev10000,clean,7,BDT ttbar,2,7.27433,72.7142,ttp_AnalysisISR/output/out_w_w-z_80ISR_isronlyll_nev10000.dat
w_w-z_80ISR_isronlyll_nev10000,clean,8,BDT 1200,1,3.63716,72.7142,ttp_AnalysisISR/output/out_w_w-z_80ISR_isronlyll_nev10000.dat
w_w-z_80ISR_isronlyll_nev10000,clean,9,BDT 1600,1,3.63716,72.7142,ttp_AnalysisISR/output/out_w_w-z_80ISR_isronlyll_nev10000.dat
w_w-z_80ISR_isronlyll_nev10000,clean,10,BDT 2000,1,3.63716,72.7142,ttp_AnalysisISR/output/out_w_w-z_80ISR_isronlyll_nev10000.dat
w_w-z_80ISR_isronlyll_nev10000,clean,11,BDT 2400,1,3.63716,72.7142,ttp_AnalysisISR/output/out_w_w-z_80ISR_isronlyll_nev10000.dat
w_w-z_80ISR_isronlyll_nev10000_ggbx1,overlay_bx1,0,All,9998,36364.4,72.7142,ttp_AnalysisISR/output/out_w_w-z_80ISR_isronlyll_nev10000_ggbx1.dat
w_w-z_80ISR_isronlyll_nev10000_ggbx1,overlay_bx1,1,Fatjet,7628,27744.3,72.7142,ttp_AnalysisISR/output/out_w_w-z_80ISR_isronlyll_nev10000_ggbx1.dat
w_w-z_80ISR_isronlyll_nev10000_ggbx1,overlay_bx1,2,top tagged,151,549.212,72.7142,ttp_AnalysisISR/output/out_w_w-z_80ISR_isronlyll_nev10000_ggbx1.dat
w_w-z_80ISR_isronlyll_nev10000_ggbx1,overlay_bx1,3,subestructure cut,17,61.8318,72.7142,ttp_AnalysisISR/output/out_w_w-z_80ISR_isronlyll_nev10000_ggbx1.dat
w_w-z_80ISR_isronlyll_nev10000_ggbx1,overlay_bx1,4,Isolated,13,47.2831,72.7142,ttp_AnalysisISR/output/out_w_w-z_80ISR_isronlyll_nev10000_ggbx1.dat
w_w-z_80ISR_isronlyll_nev10000_ggbx1,overlay_bx1,5,M recoil > 1100,6,21.823,72.7142,ttp_AnalysisISR/output/out_w_w-z_80ISR_isronlyll_nev10000_ggbx1.dat
w_w-z_80ISR_isronlyll_nev10000_ggbx1,overlay_bx1,6,Miss Energy < 1000,4,14.5487,72.7142,ttp_AnalysisISR/output/out_w_w-z_80ISR_isronlyll_nev10000_ggbx1.dat
w_w-z_80ISR_isronlyll_nev10000_ggbx1,overlay_bx1,7,BDT ttbar,2,7.27433,72.7142,ttp_AnalysisISR/output/out_w_w-z_80ISR_isronlyll_nev10000_ggbx1.dat
w_w-z_80ISR_isronlyll_nev10000_ggbx1,overlay_bx1,8,BDT 1200,1,3.63716,72.7142,ttp_AnalysisISR/output/out_w_w-z_80ISR_isronlyll_nev10000_ggbx1.dat
w_w-z_80ISR_isronlyll_nev10000_ggbx1,overlay_bx1,9,BDT 1600,1,3.63716,72.7142,ttp_AnalysisISR/output/out_w_w-z_80ISR_isronlyll_nev10000_ggbx1.dat
w_w-z_80ISR_isronlyll_nev10000_ggbx1,overlay_bx1,10,BDT 2000,1,3.63716,72.7142,ttp_AnalysisISR/output/out_w_w-z_80ISR_isronlyll_nev10000_ggbx1.dat
w_w-z_80ISR_isronlyll_nev10000_ggbx1,overlay_bx1,11,BDT 2400,1,3.63716,72.7142,ttp_AnalysisISR/output/out_w_w-z_80ISR_isronlyll_nev10000_ggbx1.dat
